STFIPS,STNAME,Social distancing index,% staying home,Trips/person,% out-of-county trips,% out-of-state trips,Miles/person,Work trips/person,Non-work trips/person,Population,% change in consumption,date,Transit mode share,% people older than 60,Median income,% African Americans,% Hispanic Americans,% Male,Population density,Employment density,# hot spots/1000 people,% people older than 60 rank,Unemployment claims/1000 people,Unemployment rate,% working from home,Cumulative inflation rate,COVID death rate,Social distancing index rank,% out-of-county trips rank,% out-of-state trips rank,New cases/1000 people rank,Imported COVID cases rank,#days: decreasing COVID cases rank,#days: decreasing ILI cases rank,Testing capacity rank,% hospital bed utilization rank,% ICU utilization rank,Ventilator shortage rank,Unemployment rate rank,% working from home rank,% change in consumption rank,COVID death rate rank
11,DC,48,37,3.28,44.1,44.1,40.2,0.6,2.68,702455,-10.7,1/1/2020,34.83,17,82604,46.1,10.9,47.46,10016,16044,206,6,0.7,5.2,6.1,0.3,0,82,100,100,51,51,49,49,51,94,51,51,94,13,0,51
11,DC,25,28,4.12,47.8,47.8,45.2,1.13,2.98,702455,-0.7,1/2/2020,34.83,17,82604,46.1,10.9,47.46,10016,16044,206,6,0.7,5.2,6.1,0.3,0,8,100,100,51,51,49,49,51,94,51,51,94,13,39,51
11,DC,22,27,4.27,47.9,47.9,44.4,1.14,3.13,702455,4.3,1/3/2020,34.83,17,82604,46.1,10.9,47.46,10016,16044,206,6,0.7,5.2,6.1,0.3,0,0,100,100,51,51,49,49,51,94,51,51,94,13,47,51
11,DC,37,32,3.9,44.1,44.1,38.8,0.6,3.3,702455,9.9,1/4/2020,34.83,17,82604,46.1,10.9,47.46,10016,16044,206,6,0.7,5.2,6.1,0.3,0,3,98,100,51,51,49,49,51,94,51,51,94,13,0,51
11,DC,49,38,3.28,45.3,45.3,51.1,0.54,2.74,702455,-8.7,1/5/2020,34.83,17,82604,46.1,10.9,47.46,10016,16044,206,6,1,5.2,6.1,0.3,0,14,100,100,51,51,49,49,51,94,51,51,94,13,0,51
11,DC,23,27,4.13,50.7,50.7,37.2,1.15,2.97,702455,-1,1/6/2020,34.83,17,82604,46.1,10.9,47.46,10016,16044,206,6,1,5.2,6.1,0.3,0,2,100,100,51,51,49,49,51,94,51,51,94,13,38,51
11,DC,28,30,4.11,50.5,50.5,33.3,1.16,2.94,702455,-2,1/7/2020,34.83,17,82604,46.1,10.9,47.46,10016,16044,206,6,1,5.2,6.1,0.3,0,2,100,100,51,51,49,45,51,94,51,51,94,13,80,51
11,DC,24,27,4.14,50.3,50.3,33.2,1.22,2.93,702455,-2.4,1/8/2020,34.83,17,82604,46.1,10.9,47.46,10016,16044,206,6,1,5.2,6.1,0.3,0,0,100,100,51,51,49,45,51,94,51,51,94,13,88,51
11,DC,23,27,4.24,50.9,50.9,33.3,1.23,3.01,702455,0.3,1/9/2020,34.83,17,82604,46.1,10.9,47.46,10016,16044,206,6,1,5.2,6.1,0.3,0,0,100,100,51,51,49,45,51,94,51,51,94,13,71,51
11,DC,20,26,4.49,49.8,49.8,40,1.28,3.2,702455,6.6,1/10/2020,34.83,17,82604,46.1,10.9,47.46,10016,16044,206,6,1,5.2,6.1,0.3,0,1,100,100,51,51,49,45,51,94,51,51,94,13,53,51
11,DC,33,31,4.11,46.2,46.2,39.6,0.68,3.43,702455,14.3,1/11/2020,34.83,17,82604,46.1,10.9,47.46,10016,16044,206,6,1,5.2,6.1,0.3,0,49,100,100,51,51,49,45,51,94,51,51,94,13,0,51
11,DC,42,35,3.67,45.6,45.6,37.6,0.61,3.06,702455,2,1/12/2020,34.83,17,82604,46.1,10.9,47.46,10016,16044,206,6,0.9,5.1,6.1,0.3,0,66,100,100,51,51,49,45,51,94,51,51,94,13,0,51
11,DC,26,28,4.11,50.3,50.3,35,1.09,3.02,702455,0.6,1/13/2020,34.83,17,82604,46.1,10.9,47.46,10016,16044,206,6,0.9,5.1,6.1,0.3,0,4,100,100,51,51,49,45,51,94,51,51,94,13,15,51
11,DC,29,28,4.06,51.8,51.8,26.8,1.12,2.94,702455,-2,1/14/2020,34.83,17,82604,46.1,10.9,47.46,10016,16044,206,6,0.9,5.1,6.1,0.3,0,2,100,100,51,51,49,25,51,94,51,51,94,13,90,51
11,DC,24,26,4.28,50.9,50.9,30.5,1.17,3.11,702455,3.6,1/15/2020,34.83,17,82604,46.1,10.9,47.46,10016,16044,206,6,0.9,5.1,6.1,0.3,0,2,100,100,51,51,49,25,51,94,51,51,94,13,44,51
11,DC,22,27,4.33,51.5,51.5,38.3,1.17,3.15,702455,5,1/16/2020,34.83,17,82604,46.1,10.9,47.46,10016,16044,206,6,0.9,5.1,6.1,0.3,0,4,100,100,51,51,49,25,51,94,51,51,94,13,18,51
11,DC,22,26,4.41,50.1,50.1,44.9,1.08,3.33,702455,10.9,1/17/2020,34.83,17,82604,46.1,10.9,47.46,10016,16044,206,6,0.9,5.1,6.1,0.3,0,14,100,100,51,51,49,25,51,94,51,51,94,13,8,51
11,DC,45,37,3.6,44.8,44.8,41.2,0.62,2.98,702455,-0.7,1/18/2020,34.83,17,82604,46.1,10.9,47.46,10016,16044,206,6,0.9,5.1,6.1,0.3,0,17,100,100,51,51,49,25,51,94,51,51,94,13,46,51
11,DC,44,35,3.5,45,45,42.8,0.58,2.92,702455,-2.7,1/19/2020,34.83,17,82604,46.1,10.9,47.46,10016,16044,206,6,0.8,5.1,6.1,0.3,0,53,100,100,51,51,49,25,51,94,51,51,94,13,0,51
11,DC,46,37,3.43,45.5,45.5,47.2,0.71,2.72,702455,-9.4,1/20/2020,34.83,17,82604,46.1,10.9,47.46,10016,16044,206,6,0.8,5.1,6.1,0.3,0,0,98,100,51,51,49,25,51,94,51,51,94,13,83,51
11,DC,24,28,4.04,51.4,51.4,37.9,1.14,2.9,702455,-3.4,1/21/2020,34.83,17,82604,46.1,10.9,47.46,10016,16044,206,6,0.8,5.1,6.1,0.3,0,0,100,100,51,51,49,72,51,94,51,51,94,13,96,51
11,DC,24,27,4.1,51.7,51.7,34.2,1.2,2.9,702455,-3.4,1/22/2020,34.83,17,82604,46.1,10.9,47.46,10016,16044,206,6,0.8,5.1,6.1,0.3,0,8,100,100,51,51,49,72,50,94,51,51,94,13,83,51
11,DC,22,27,4.11,51.9,51.9,37.1,1.21,2.9,702455,-3.4,1/23/2020,34.83,17,82604,46.1,10.9,47.46,10016,16044,206,6,0.8,5.1,6.1,0.3,0,2,100,100,51,51,49,72,50,94,51,51,94,13,96,51
11,DC,21,26,4.42,51.3,51.3,37.2,1.2,3.22,702455,7.3,1/24/2020,34.83,17,82604,46.1,10.9,47.46,10016,16044,206,6,0.8,5.1,6.1,0.3,0,0,100,100,51,51,49,72,50,94,51,51,94,13,69,51
11,DC,34,31,3.86,48,48,38.1,0.71,3.15,702455,5,1/25/2020,34.83,17,82604,46.1,10.9,47.46,10016,16044,206,6,0.8,5.1,6.1,0.3,0,7,100,100,51,51,48,72,50,94,51,51,94,13,20,51
11,DC,44,36,3.48,46.5,46.5,37.8,0.66,2.82,702455,-6,1/26/2020,34.83,17,82604,46.1,10.9,47.46,10016,16044,206,6,0.8,5.1,6.1,0.3,0,18,100,100,51,51,46,72,50,94,51,51,94,13,4,51
11,DC,25,28,4.01,51.2,51.2,39.6,1.19,2.82,702455,-6,1/27/2020,34.83,17,82604,46.1,10.9,47.46,10016,16044,206,6,0.8,5.1,6.1,0.3,0,0,100,100,51,51,46,72,50,94,51,51,94,13,98,51
11,DC,27,28,4.06,52,52,30.4,1.24,2.83,702455,-5.7,1/28/2020,34.83,17,82604,46.1,10.9,47.46,10016,16044,206,6,0.8,5.1,6.1,0.3,0,0,100,100,51,51,46,31,50,94,51,51,94,13,96,51
11,DC,23,27,4.22,51.5,51.5,33.4,1.22,3,702455,0,1/29/2020,34.83,17,82604,46.1,10.9,47.46,10016,16044,206,6,0.8,5.1,6.1,0.3,0,1,100,100,51,51,46,31,50,94,51,51,94,13,65,51
11,DC,25,27,4.11,52.3,52.3,32.2,1.18,2.93,702455,-2.4,1/30/2020,34.83,17,82604,46.1,10.9,47.46,10016,16044,206,6,0.8,5.1,6.1,0.3,0,0,100,100,51,51,46,31,50,94,51,51,94,13,98,51
11,DC,21,27,4.4,50.3,50.3,42.9,1.19,3.21,702455,6.9,1/31/2020,34.83,17,82604,46.1,10.9,47.46,10016,16044,206,6,0.8,5.1,6.1,0.3,0,0,100,100,51,51,46,31,50,94,51,51,94,13,90,51
11,DC,31,30,4.22,46.1,46.1,40.1,0.68,3.53,702455,17.6,2/1/2020,34.83,17,82604,46.1,10.9,47.46,10016,16044,206,6,0.8,5.1,6.1,0.5,0,4,100,100,51,51,45,31,50,94,51,51,94,13,0,51
11,DC,44,35,3.59,44.6,44.6,41.7,0.6,2.99,702455,-0.4,2/2/2020,34.83,17,82604,46.1,10.9,47.46,10016,16044,206,6,0.7,5.1,6.1,0.5,0,22,100,100,51,51,45,31,50,94,51,51,94,13,0,51
11,DC,24,29,4.18,50.1,50.1,38.3,1.19,3,702455,0,2/3/2020,34.83,17,82604,46.1,10.9,47.46,10016,16044,206,6,0.7,5.1,6.1,0.5,0,7,100,100,51,51,45,31,50,94,51,51,94,13,39,51
11,DC,26,28,4.19,51.7,51.7,29.1,1.2,3,702455,0,2/4/2020,34.83,17,82604,46.1,10.9,47.46,10016,16044,206,6,0.7,5.1,6.1,0.5,0,4,100,100,51,51,45,27,50,94,51,51,94,13,64,51
11,DC,25,28,4.2,51.2,51.2,32.1,1.23,2.97,702455,-1,2/5/2020,34.83,17,82604,46.1,10.9,47.46,10016,16044,206,6,0.7,5.1,6.1,0.5,0,4,100,100,51,51,45,27,50,94,51,51,94,13,68,51
11,DC,26,29,4.06,51.8,51.8,34.6,1.19,2.88,702455,-4,2/6/2020,34.83,17,82604,46.1,10.9,47.46,10016,16044,206,6,0.7,5.1,6.1,0.5,0,5,100,100,51,51,45,27,50,94,51,51,94,13,86,51
11,DC,21,27,4.42,49.8,49.8,42.5,1.16,3.25,702455,8.3,2/7/2020,34.83,17,82604,46.1,10.9,47.46,10016,16044,206,6,0.7,5.1,6.1,0.5,0,10,100,100,51,51,45,27,50,94,51,51,94,13,47,51
11,DC,32,30,4.02,46.4,46.4,39.9,0.7,3.32,702455,10.6,2/8/2020,34.83,17,82604,46.1,10.9,47.46,10016,16044,206,6,0.7,5.1,6.1,0.5,0,26,100,100,51,51,45,27,50,94,51,51,94,13,0,51
11,DC,49,38,3.32,44.6,44.6,37.2,0.6,2.72,702455,-9.4,2/9/2020,34.83,17,82604,46.1,10.9,47.46,10016,16044,206,6,0.7,5.1,6.1,0.5,0,35,100,100,51,51,45,27,50,94,51,51,94,13,0,51
11,DC,27,29,3.97,51.1,51.1,41.1,1.19,2.78,702455,-7.4,2/10/2020,34.83,17,82604,46.1,10.9,47.46,10016,16044,206,6,0.7,5.1,6.1,0.5,0,0,100,100,51,51,45,27,50,94,51,51,94,13,98,51
11,DC,25,28,4.18,50.9,50.9,32.7,1.24,2.95,702455,-1.7,2/11/2020,34.83,17,82604,46.1,10.9,47.46,10016,16044,206,6,0.7,5.1,6.1,0.5,0,2,100,100,51,51,45,94,50,94,51,51,94,13,85,51
11,DC,25,28,4.13,51.7,51.7,34,1.22,2.91,702455,-3,2/12/2020,34.83,17,82604,46.1,10.9,47.46,10016,16044,206,6,0.7,5.1,6.1,0.5,0,4,100,100,51,51,45,94,50,94,51,51,94,13,93,51
11,DC,22,28,4.21,51.5,51.5,38.5,1.28,2.93,702455,-2.4,2/13/2020,34.83,17,82604,46.1,10.9,47.46,10016,16044,206,6,0.7,5.1,6.1,0.5,0,4,100,100,51,51,45,94,50,94,51,51,94,13,88,51
11,DC,20,26,4.62,49.5,49.5,54.6,1.23,3.39,702455,12.9,2/14/2020,34.83,17,82604,46.1,10.9,47.46,10016,16044,206,6,0.7,5.1,6.1,0.5,0,0,100,100,51,51,45,94,50,94,51,51,94,13,38,51
11,DC,31,30,4.06,46.1,46.1,48.5,0.73,3.33,702455,10.9,2/15/2020,34.83,17,82604,46.1,10.9,47.46,10016,16044,206,6,0.7,5.1,6.1,0.5,0,5,100,100,51,51,45,94,50,94,51,51,94,13,3,51
11,DC,40,33,3.66,45.5,45.5,43,0.65,3.01,702455,0.3,2/16/2020,34.83,17,82604,46.1,10.9,47.46,10016,16044,206,6,0.6,6,6.1,0.5,0,40,100,100,51,51,45,94,50,94,51,51,93,13,0,51
11,DC,45,36,3.41,44.8,44.8,48.4,0.75,2.66,702455,-11.4,2/17/2020,34.83,17,82604,46.1,10.9,47.46,10016,16044,206,6,0.6,6,6.1,0.5,0,6,98,100,51,51,45,94,50,94,51,51,93,13,0,51
11,DC,26,30,4.14,50.7,50.7,44.1,1.31,2.83,702455,-5.7,2/18/2020,34.83,17,82604,46.1,10.9,47.46,10016,16044,206,6,0.6,6,6.1,0.5,0,0,100,100,51,51,45,85,50,94,51,51,93,13,90,51
11,DC,22,28,4.21,51.3,51.3,38.9,1.34,2.87,702455,-4.4,2/19/2020,34.83,17,82604,46.1,10.9,47.46,10016,16044,206,6,0.6,6,6.1,0.5,0,0,100,100,51,51,45,85,50,94,51,51,93,13,96,51
11,DC,22,28,4.17,52,52,39.9,1.27,2.89,702455,-3.7,2/20/2020,34.83,17,82604,46.1,10.9,47.46,10016,16044,206,6,0.6,6,6.1,0.5,0,1,100,100,51,51,45,85,50,94,51,51,93,13,86,51
11,DC,21,27,4.33,50.3,50.3,53.3,1.29,3.04,702455,1.3,2/21/2020,34.83,17,82604,46.1,10.9,47.46,10016,16044,206,6,0.6,6,6.1,0.5,0,2,100,100,51,51,45,85,50,94,50,50,93,13,96,51
11,DC,32,31,4.19,45.3,45.3,51.4,0.73,3.46,702455,15.3,2/22/2020,34.83,17,82604,46.1,10.9,47.46,10016,16044,206,6,0.6,6,6.1,0.5,0,1,100,100,51,51,45,85,50,94,50,50,93,13,4,51
11,DC,41,34,3.7,45.3,45.3,54.4,0.69,3.01,702455,0.3,2/23/2020,34.83,17,82604,46.1,10.9,47.46,10016,16044,206,6,0.7,6,6.1,0.5,0,12,100,100,51,51,45,85,50,94,50,50,93,13,0,51
11,DC,25,29,4.16,50,50,43,1.35,2.81,702455,-6.4,2/24/2020,34.83,17,82604,46.1,10.9,47.46,10016,16044,206,6,0.7,6,6.1,0.5,0,0,100,100,51,51,45,85,50,94,50,50,93,13,88,51
11,DC,26,29,4.19,50.9,50.9,33.7,1.37,2.82,702455,-6,2/25/2020,34.83,17,82604,46.1,10.9,47.46,10016,16044,206,6,0.7,6,6.1,0.5,0,1,100,100,51,51,45,70,50,94,50,50,93,13,98,51
11,DC,22,27,4.42,50.4,50.4,35.8,1.49,2.94,702455,-2,2/26/2020,34.83,17,82604,46.1,10.9,47.46,10016,16044,206,6,0.7,6,6.1,0.5,0,2,100,100,51,51,45,70,50,94,50,50,93,13,96,51
11,DC,21,27,4.44,50.7,50.7,40.7,1.42,3.02,702455,0.6,2/27/2020,34.83,17,82604,46.1,10.9,47.46,10016,16044,206,6,0.7,6,6.1,0.5,0,0,100,100,51,51,45,70,50,94,50,50,93,13,84,51
11,DC,20,25,4.65,49.7,49.7,46.8,1.36,3.29,702455,9.6,2/28/2020,34.83,17,82604,46.1,10.9,47.46,10016,16044,206,6,0.7,6,6.1,0.5,0,0,100,100,51,51,45,70,50,94,50,50,93,13,82,51
11,DC,31,30,4.21,44.2,44.2,43.5,0.78,3.43,702455,14.3,2/29/2020,34.83,17,82604,46.1,10.9,47.46,10016,16044,206,6,0.7,6,6.1,0.5,0,1,98,100,49,51,43,70,50,94,50,50,93,13,22,50
11,DC,40,34,3.75,44.3,44.3,44.2,0.69,3.06,702455,2,3/1/2020,34.83,17,82604,46.1,10.9,47.46,10016,16044,206,6,0.7,6,6.1,0.3,0,7,100,100,48,51,42,70,48,94,50,50,93,13,4,50
11,DC,22,28,4.38,49.5,49.5,39.1,1.44,2.94,702455,-2,3/2/2020,34.83,17,82604,46.1,10.9,47.46,10016,16044,206,6,0.7,6,6.1,0.3,0,0,100,100,45,50,39,70,48,94,50,50,93,13,90,50
11,DC,23,28,4.34,51.1,51.1,34.5,1.45,2.89,702455,-3.7,3/3/2020,34.83,17,82604,46.1,10.9,47.46,10016,16044,206,6,0.7,6,6.1,0.3,0,0,100,100,44,49,37,88,48,94,50,50,93,13,98,50
11,DC,22,26,4.45,51.2,51.2,35,1.45,3,702455,0,3/4/2020,34.83,17,82604,46.1,10.9,47.46,10016,16044,206,6,0.7,6,6.1,0.3,0,0,100,100,44,48,37,88,37,94,49,49,93,13,84,49
11,DC,20,26,4.41,51.2,51.2,38.2,1.44,2.97,702455,-1,3/5/2020,34.83,17,82604,46.1,10.9,47.46,10016,16044,206,6,0.7,6,6.1,0.3,0,0,100,100,44,47,33,88,34,94,49,49,93,13,94,49
11,DC,20,25,4.43,51.1,51.1,45.5,1.31,3.12,702455,4,3/6/2020,34.83,17,82604,46.1,10.9,47.46,10016,16044,206,6,0.7,6,6.1,0.3,0,0,100,100,39,45,26,88,30,94,48,48,93,13,97,49
11,DC,29,29,4.24,46,46,41.2,0.7,3.53,702455,17.6,3/7/2020,34.83,17,82604,46.1,10.9,47.46,10016,16044,206,6,0.7,6,6.1,0.3,0,4,100,100,28,44,23,88,23,94,48,48,93,13,10,49
11,DC,40,34,3.72,45.9,45.9,42,0.6,3.12,702455,4,3/8/2020,34.83,17,82604,46.1,10.9,47.46,10016,16044,206,6,1.5,6,13,0.3,0,7,100,100,22,40,19,88,60,94,48,48,93,2,0,48
11,DC,22,27,4.16,50.9,50.9,40.1,1.3,2.86,702455,-4.7,3/9/2020,34.83,17,82604,46.1,10.9,47.46,10016,16044,206,6,1.5,6,13,0.3,0,0,100,100,21,81,18,88,44,94,47,47,93,2,96,48
11,DC,24,28,4.07,52.1,52.1,35.7,1.33,2.74,702455,-8.7,3/10/2020,34.83,17,82604,46.1,10.9,47.46,10016,16044,206,6,1.5,6,13,0.3,0,0,100,100,19,69,15,81,78,94,46,46,93,2,98,47
11,DC,27,28,4.1,51.1,51.1,30.7,1.43,2.67,702455,-11,3/11/2020,34.83,17,82604,46.1,10.9,47.46,10016,16044,206,6,1.5,6,13,0.3,0,0,100,100,15,57,10,81,75,94,45,45,93,2,98,46
11,DC,27,29,4.06,50.6,50.6,34.9,1.32,2.74,702455,-8.7,3/12/2020,34.83,17,82604,46.1,10.9,47.46,10016,16044,206,6,1.5,6,13,0.3,0,0,100,100,8,74,6,81,86,94,43,43,93,2,98,45
11,DC,23,28,4.33,47.7,47.7,40.6,1.22,3.11,702455,3.6,3/13/2020,34.83,17,82604,46.1,10.9,47.46,10016,16044,206,6,1.5,6,13,0.3,0,0,100,100,8,77,5,81,84,94,39,39,93,2,96,44
11,DC,44,36,3.76,42.4,42.4,40,0.66,3.09,702455,3,3/14/2020,34.83,17,82604,46.1,10.9,47.46,10016,16044,206,6,1.5,6,13,0.3,0,1,98,100,3,47,1,81,68,94,38,38,93,2,32,40
11,DC,59,44,3.04,41.9,41.9,34.6,0.57,2.47,702455,-17.7,3/15/2020,34.83,17,82604,46.1,10.9,47.46,10016,16044,206,6,19.2,8,37.9,0.3,0,0,98,100,4,50,1,81,67,94,34,34,90,0,86,39
11,DC,49,40,3.4,48,48,33.5,0.96,2.45,702455,-18.4,3/16/2020,34.83,17,82604,46.1,10.9,47.46,10016,16044,206,6,19.2,8,37.9,0.3,0,0,100,100,98,75,50,81,61,92,27,27,90,0,98,35
11,DC,56,43,3.29,46.5,46.5,27.6,0.89,2.4,702455,-20,3/17/2020,34.83,17,82604,46.1,10.9,47.46,10016,16044,206,6,19.2,8,37.9,0.3,0,0,100,100,96,67,50,75,69,94,75,50,90,0,94,33
11,DC,59,44,3.19,46.1,46.1,24.5,0.85,2.34,702455,-22,3/18/2020,34.83,17,82604,46.1,10.9,47.46,10016,16044,206,6,19.2,8,37.9,0.3,0,0,100,100,96,65,50,75,73,92,71,46,90,0,98,33
11,DC,59,46,3.26,45.1,45.1,27.9,0.86,2.4,702455,-20,3/19/2020,34.83,17,82604,46.1,10.9,47.46,10016,16044,206,6,19.2,8,37.9,0.3,0,0,100,100,86,59,50,75,81,92,60,45,90,0,84,26
11,DC,59,43,3.36,44.5,44.5,20.8,0.79,2.57,702455,-14.4,3/20/2020,34.83,17,82604,46.1,10.9,47.46,10016,16044,206,6,19.2,8,37.9,0.3,0.48,0,100,100,96,57,50,75,67,92,61,43,90,0,90,71
11,DC,65,47,3.11,40.2,40.2,21.9,0.57,2.54,702455,-15.4,3/21/2020,34.83,17,82604,46.1,10.9,47.46,10016,16044,206,6,19.2,8,37.9,0.3,0.43,2,98,100,96,50,51,75,71,90,51,35,90,0,51,60
11,DC,72,52,2.7,38.5,38.5,24.4,0.52,2.18,702455,-27.4,3/22/2020,34.83,17,82604,46.1,10.9,47.46,10016,16044,206,6,21.2,9.8,48.3,0.3,0.97,7,98,100,94,54,49,75,57,90,61,34,75,0,33,75
11,DC,73,54,2.59,44.4,44.4,20.9,0.73,1.85,702455,-38.4,3/23/2020,34.83,17,82604,46.1,10.9,47.46,10016,16044,206,6,21.2,9.8,48.3,0.3,0.96,0,100,100,88,53,49,75,57,90,51,27,75,0,94,71
11,DC,70,52,2.82,44,44,21.1,0.71,2.11,702455,-29.7,3/24/2020,34.83,17,82604,46.1,10.9,47.46,10016,16044,206,6,21.2,9.8,48.3,0.3,0.9,0,100,100,78,52,49,73,63,90,55,27,75,0,96,64
11,DC,75,55,2.54,44.4,44.4,15.3,0.66,1.87,702455,-37.7,3/25/2020,34.83,17,82604,46.1,10.9,47.46,10016,16044,206,6,21.2,9.8,48.3,0.3,0.74,0,100,100,88,50,49,73,65,90,67,30,75,0,98,49
11,DC,72,52,2.86,43.1,43.1,15.8,0.63,2.23,702455,-25.7,3/26/2020,34.83,17,82604,46.1,10.9,47.46,10016,16044,206,6,21.2,9.8,48.3,0.3,1.02,0,98,100,90,56,49,73,65,92,71,36,75,0,90,49
11,DC,67,49,3.08,42,42,18,0.76,2.32,702455,-22.7,3/27/2020,34.83,17,82604,46.1,10.9,47.46,10016,16044,206,6,21.2,9.8,48.3,0.3,0.95,0,98,100,90,59,49,73,66,92,75,37,75,0,90,35
11,DC,77,55,2.58,37.4,37.4,15.2,0.47,2.11,702455,-29.7,3/28/2020,34.83,17,82604,46.1,10.9,47.46,10016,16044,206,6,21.2,9.8,48.3,0.3,1.21,2,98,100,86,56,49,73,70,92,71,35,75,0,84,40
11,DC,78,56,2.57,35.2,35.2,16.9,0.46,2.11,702455,-29.7,3/29/2020,34.83,17,82604,46.1,10.9,47.46,10016,16044,206,6,21.9,11.3,51.1,0.3,1.39,11,98,100,84,63,49,73,67,92,71,38,56,0,47,43
11,DC,70,52,2.87,42.9,42.9,20.4,0.67,2.2,702455,-26.7,3/30/2020,34.83,17,82604,46.1,10.9,47.46,10016,16044,206,6,21.9,11.3,51.1,0.3,2.2,1,100,100,88,70,49,73,73,92,69,39,56,0,84,78
11,DC,76,55,2.6,41.8,41.8,14.9,0.66,1.95,702455,-35,3/31/2020,34.83,17,82604,46.1,10.9,47.46,10016,16044,206,6,21.9,11.3,51.1,0.3,1.87,0,98,100,88,59,49,71,71,90,69,39,56,0,98,49
11,DC,75,55,2.72,41.5,41.5,13.2,0.64,2.08,702455,-30.7,4/1/2020,34.83,17,82604,46.1,10.9,47.46,10016,16044,206,6,21.9,11.3,51.1,-0.3,1.62,0,98,100,88,61,49,71,76,88,71,39,56,0,98,27
11,DC,75,55,2.72,42.5,42.5,13.6,0.65,2.07,702455,-31,4/2/2020,34.83,17,82604,46.1,10.9,47.46,10016,16044,206,6,21.9,11.3,51.1,-0.3,2.01,0,99,100,90,61,50,71,69,88,69,36,56,0,93,35
11,DC,70,51,2.95,42.1,42.1,18.3,0.61,2.34,702455,-22,4/3/2020,34.83,17,82604,46.1,10.9,47.46,10016,16044,206,6,21.9,11.3,51.1,-0.3,2.22,0,98,100,88,67,50,71,70,88,69,37,56,0,84,40
11,DC,75,52,2.74,36.4,36.4,16.6,0.48,2.26,702455,-24.7,4/4/2020,34.83,17,82604,46.1,10.9,47.46,10016,16044,206,6,21.9,11.3,51.1,-0.3,2.65,0,98,100,88,70,50,71,73,88,67,35,56,0,81,51
11,DC,79,56,2.5,34.7,34.7,14.9,0.43,2.07,702455,-31,4/5/2020,34.83,17,82604,46.1,10.9,47.46,10016,16044,206,6,14.1,11.1,55,-0.3,2.46,5,98,100,90,76,50,71,75,88,69,35,27,0,61,51
11,DC,75,55,2.69,42.1,42.1,15.9,0.6,2.09,702455,-30.4,4/6/2020,34.83,17,82604,46.1,10.9,47.46,10016,16044,206,6,14.1,11.1,55,-0.3,2.4,0,99,100,90,71,51,71,76,88,67,35,27,0,96,45
11,DC,76,56,2.6,42.6,42.6,15.2,0.61,1.99,702455,-33.7,4/7/2020,34.83,17,82604,46.1,10.9,47.46,10016,16044,206,6,14.1,11.1,55,-0.3,1.96,0,100,100,88,69,53,68,78,88,67,37,27,0,98,25
11,DC,75,54,2.76,41.4,41.4,14.3,0.58,2.18,702455,-27.4,4/8/2020,34.83,17,82604,46.1,10.9,47.46,10016,16044,206,6,14.1,11.1,55,-0.3,1.97,0,98,100,94,76,52,68,80,88,71,39,27,0,92,29
11,DC,74,54,2.74,41.8,41.8,15.7,0.6,2.14,702455,-28.7,4/9/2020,34.83,17,82604,46.1,10.9,47.46,10016,16044,206,6,14.1,11.1,55,-0.3,2.15,0,98,100,90,75,58,68,80,88,71,39,27,0,86,29
11,DC,73,52,2.77,42.6,42.6,15.8,0.54,2.24,702455,-25.4,4/10/2020,34.83,17,82604,46.1,10.9,47.46,10016,16044,206,6,14.1,11.1,55,-0.3,2.27,0,98,100,92,76,62,68,79,88,73,41,27,0,94,33
11,DC,71,49,2.98,35.4,35.4,18.6,0.48,2.5,702455,-16.7,4/11/2020,34.83,17,82604,46.1,10.9,47.46,10016,16044,206,6,14.1,11.1,55,-0.3,2.5,6,98,100,88,76,64,68,78,90,75,41,27,0,59,43
11,DC,81,58,2.34,34.7,34.7,14.4,0.4,1.95,702455,-35,4/12/2020,34.83,17,82604,46.1,10.9,47.46,10016,16044,206,6,12.2,11.2,56.9,-0.3,2.4,8,98,100,92,76,71,68,78,90,75,42,27,0,27,45
11,DC,77,56,2.51,40.2,40.2,16.6,0.57,1.93,702455,-35.7,4/13/2020,34.83,17,82604,46.1,10.9,47.46,10016,16044,206,6,12.2,11.2,56.9,-0.3,2.26,0,98,100,90,76,69,68,78,88,82,43,27,0,90,45
11,DC,74,54,2.71,42.7,42.7,15.8,0.6,2.1,702455,-30,4/14/2020,34.83,17,82604,46.1,10.9,47.46,10016,16044,206,6,12.2,11.2,56.9,-0.3,2.82,0,99,100,88,76,75,68,79,88,82,43,27,0,98,55
11,DC,73,53,2.75,43,43,16,0.57,2.18,702455,-27.4,4/15/2020,34.83,17,82604,46.1,10.9,47.46,10016,16044,206,6,12.2,11.2,56.9,-0.3,2.9,0,99,100,88,76,46,68,82,90,82,43,27,0,97,55
11,DC,73,53,2.8,42.8,42.8,15,0.52,2.28,702455,-24,4/16/2020,34.83,17,82604,46.1,10.9,47.46,10016,16044,206,6,12.2,11.2,56.9,-0.3,3.06,0,98,100,90,76,39,68,82,90,82,44,27,0,88,54
11,DC,69,50,2.89,43.1,43.1,18.7,0.56,2.33,702455,-22.4,4/17/2020,34.83,17,82604,46.1,10.9,47.46,10016,16044,206,6,12.2,11.2,56.9,-0.3,3.04,0,98,100,90,76,36,68,82,90,80,47,27,0,92,51
11,DC,72,50,2.85,37.1,37.1,19.2,0.46,2.39,702455,-20.4,4/18/2020,34.83,17,82604,46.1,10.9,47.46,10016,16044,206,6,12.2,11.2,56.9,-0.3,2.9,7,98,100,90,76,76,68,82,90,80,49,27,0,73,48
11,DC,78,55,2.56,35.4,35.4,16,0.42,2.14,702455,-28.7,4/19/2020,34.83,17,82604,46.1,10.9,47.46,10016,16044,206,6,11.6,10.9,55.5,-0.3,2.83,0,98,100,92,76,77,68,84,90,82,52,29,0,73,45
11,DC,72,53,2.74,43,43,20.1,0.59,2.14,702455,-28.7,4/20/2020,34.83,17,82604,46.1,10.9,47.46,10016,16044,206,6,11.6,10.9,55.5,-0.3,2.86,0,100,100,92,76,76,68,84,90,82,55,29,0,98,45
11,DC,75,55,2.68,43.9,43.9,14.5,0.59,2.09,702455,-30.4,4/21/2020,34.83,17,82604,46.1,10.9,47.46,10016,16044,206,6,11.6,10.9,55.5,-0.3,2.79,0,100,100,90,76,76,60,83,90,84,55,29,0,96,46
11,DC,71,52,2.9,42.4,42.4,16.7,0.55,2.35,702455,-21.7,4/22/2020,34.83,17,82604,46.1,10.9,47.46,10016,16044,206,6,11.6,10.9,55.5,-0.3,2.99,0,98,100,88,76,71,60,82,90,84,56,29,0,90,53
11,DC,74,54,2.71,42.9,42.9,17.3,0.59,2.12,702455,-29.4,4/23/2020,34.83,17,82604,46.1,10.9,47.46,10016,16044,206,6,11.6,10.9,55.5,-0.3,3.06,0,98,100,90,76,67,60,84,90,84,57,29,0,98,55
11,DC,69,50,2.89,41.6,41.6,21.6,0.57,2.32,702455,-22.7,4/24/2020,34.83,17,82604,46.1,10.9,47.46,10016,16044,206,6,11.6,10.9,55.5,-0.3,3.15,0,98,100,90,76,66,60,88,90,86,58,29,0,92,59
11,DC,68,47,3.06,37.6,37.6,18.3,0.5,2.56,702455,-14.7,4/25/2020,34.83,17,82604,46.1,10.9,47.46,10016,16044,206,6,11.6,10.9,55.5,-0.3,3.16,1,98,100,92,78,70,60,88,90,86,55,29,0,77,63
11,DC,80,56,2.28,37.8,37.8,14,0.39,1.89,702455,-37,4/26/2020,34.83,17,82604,46.1,10.9,47.46,10016,16044,206,6,11.6,10.3,56.6,-0.3,3.18,3,98,100,90,76,68,60,88,90,86,55,24,0,92,71
11,DC,74,54,2.68,43.6,43.6,16.2,0.59,2.08,702455,-30.7,4/27/2020,34.83,17,82604,46.1,10.9,47.46,10016,16044,206,6,11.6,10.3,56.6,-0.3,3.14,0,100,100,88,76,37,60,86,90,80,53,24,0,96,69
11,DC,73,54,2.68,44.5,44.5,18.3,0.52,2.16,702455,-28,4/28/2020,34.83,17,82604,46.1,10.9,47.46,10016,16044,206,6,11.6,10.3,56.6,-0.3,3.03,0,100,100,86,76,30,56,88,90,82,51,24,0,98,71
11,DC,70,50,2.99,43,43,15.2,0.61,2.39,702455,-20.4,4/29/2020,34.83,17,82604,46.1,10.9,47.46,10016,16044,206,6,11.6,10.3,56.6,-0.3,3.07,0,98,100,82,78,26,56,88,90,80,51,24,0,94,69
11,DC,74,54,2.62,43.8,43.8,15.2,0.57,2.05,702455,-31.7,4/30/2020,34.83,17,82604,46.1,10.9,47.46,10016,16044,206,6,11.6,10.3,56.6,-0.3,3.09,0,100,100,92,75,25,56,88,90,82,51,24,0,98,75
11,DC,64,46,3.23,41.7,41.7,19.4,0.61,2.62,702455,-12.7,5/1/2020,34.83,17,82604,46.1,10.9,47.46,10016,16044,206,6,11.6,10.3,56.6,-0.5,2.87,0,98,100,98,78,75,56,90,90,82,51,24,0,92,73
11,DC,62,43,3.37,38.4,38.4,20.9,0.45,2.92,702455,-2.7,5/2/2020,34.83,17,82604,46.1,10.9,47.46,10016,16044,206,6,11.6,10.3,56.6,-0.5,3.03,2,98,100,100,78,75,56,91,90,82,49,24,0,69,71
11,DC,76,53,2.64,36.2,36.2,16,0.45,2.19,702455,-27,5/3/2020,34.83,17,82604,46.1,10.9,47.46,10016,16044,206,6,8.2,8.9,56.6,-0.5,3.17,0,96,100,100,78,73,56,92,90,82,49,10,0,98,71
11,DC,68,48,3.08,41.6,41.6,16.9,0.62,2.47,702455,-17.7,5/4/2020,34.83,17,82604,46.1,10.9,47.46,10016,16044,206,6,8.2,8.9,56.6,-0.5,3.26,0,98,100,98,78,71,56,92,90,84,51,10,0,96,73
11,DC,70,50,2.89,43.9,43.9,16.3,0.56,2.33,702455,-22.4,5/5/2020,34.83,17,82604,46.1,10.9,47.46,10016,16044,206,6,8.2,8.9,56.6,-0.5,3.28,0,100,100,98,78,73,52,94,92,84,50,10,0,98,71
11,DC,72,51,2.79,43.4,43.4,16.1,0.55,2.24,702455,-25.4,5/6/2020,34.83,17,82604,46.1,10.9,47.46,10016,16044,206,6,8.2,8.9,56.6,-0.5,3.37,0,98,100,98,76,70,52,94,94,86,49,10,0,98,71
11,DC,64,46,3.17,42.6,42.6,19.7,0.62,2.55,702455,-15,5/7/2020,34.83,17,82604,46.1,10.9,47.46,10016,16044,206,6,8.2,8.9,56.6,-0.5,3.37,0,98,100,96,78,69,52,94,94,88,49,10,0,98,69
11,DC,66,48,3.09,42.8,42.8,19.9,0.57,2.52,702455,-16,5/8/2020,34.83,17,82604,46.1,10.9,47.46,10016,16044,206,6,8.2,8.9,56.6,-0.5,3.47,0,98,100,100,76,72,52,94,94,88,49,10,0,96,73
11,DC,65,45,3.18,37.1,37.1,22.7,0.43,2.75,702455,-8.4,5/9/2020,34.83,17,82604,46.1,10.9,47.46,10016,16044,206,6,8.2,8.9,56.6,-0.5,3.46,0,98,100,100,76,78,52,94,92,88,49,10,0,80,70
11,DC,67,46,3.04,37.6,37.6,20.6,0.42,2.62,702455,-12.7,5/10/2020,34.83,17,82604,46.1,10.9,47.46,10016,16044,206,6,7.2,9.3,58.2,-0.5,3.51,0,98,100,100,80,78,52,94,92,88,49,16,0,51,75
11,DC,68,49,2.87,42.9,42.9,21.6,0.57,2.3,702455,-23.4,5/11/2020,34.83,17,82604,46.1,10.9,47.46,10016,16044,206,6,7.2,9.3,58.2,-0.5,3.52,0,98,100,98,76,58,52,94,92,82,49,16,0,96,75
11,DC,69,49,2.85,44.1,44.1,18.1,0.57,2.28,702455,-24,5/12/2020,34.83,17,82604,46.1,10.9,47.46,10016,16044,206,6,7.2,9.3,58.2,-0.5,3.57,0,100,100,97,76,54,51,94,92,82,49,16,0,98,75
11,DC,67,47,3.01,44.3,44.3,18,0.54,2.47,702455,-17.7,5/13/2020,34.83,17,82604,46.1,10.9,47.46,10016,16044,206,6,7.2,9.3,58.2,-0.5,3.69,0,100,100,94,76,49,51,94,92,82,49,16,0,98,75
11,DC,65,47,3,43.4,43.4,22.7,0.57,2.44,702455,-18.7,5/14/2020,34.83,17,82604,46.1,10.9,47.46,10016,16044,206,6,7.2,9.3,58.2,-0.5,3.72,0,98,100,94,76,45,51,94,92,80,49,16,0,98,75
11,DC,61,44,3.36,41.3,41.3,22.2,0.56,2.8,702455,-6.7,5/15/2020,34.83,17,82604,46.1,10.9,47.46,10016,16044,206,6,7.2,9.3,58.2,-0.5,3.78,0,98,100,92,75,35,51,92,92,80,47,16,0,94,73
11,DC,61,43,3.32,38.5,38.5,23.8,0.41,2.9,702455,-3.4,5/16/2020,34.83,17,82604,46.1,10.9,47.46,10016,16044,206,6,7.2,9.3,58.2,-0.5,3.79,0,98,100,100,78,33,51,92,92,82,47,16,0,76,73
11,DC,69,47,2.84,36.6,36.6,22.8,0.42,2.42,702455,-19.4,5/17/2020,34.83,17,82604,46.1,10.9,47.46,10016,16044,206,6,7.3,9.7,59,-0.5,3.84,0,96,100,96,78,29,51,92,92,82,46,28,0,75,75
11,DC,68,49,2.92,43.5,43.5,19.2,0.59,2.33,702455,-22.4,5/18/2020,34.83,17,82604,46.1,10.9,47.46,10016,16044,206,6,7.3,9.7,59,-0.5,3.86,0,98,100,98,78,29,51,92,92,82,45,28,0,98,76
11,DC,64,47,3.02,43.5,43.5,24.4,0.54,2.48,702455,-17.4,5/19/2020,34.83,17,82604,46.1,10.9,47.46,10016,16044,206,6,7.3,9.7,59,-0.5,3.87,0,98,100,98,80,25,51,92,92,81,43,28,0,98,75
11,DC,64,46,3.06,44.3,44.3,22,0.54,2.52,702455,-16,5/20/2020,34.83,17,82604,46.1,10.9,47.46,10016,16044,206,6,7.3,9.7,59,-0.5,3.91,0,98,100,98,78,20,51,92,92,78,43,28,0,98,75
11,DC,62,45,3.1,43.6,43.6,25.8,0.54,2.56,702455,-14.7,5/21/2020,34.83,17,82604,46.1,10.9,47.46,10016,16044,206,6,7.3,9.7,59,-0.5,3.86,0,98,100,98,78,14,51,92,92,78,43,28,0,98,75
11,DC,60,44,3.21,42.7,42.7,27.2,0.55,2.66,702455,-11.4,5/22/2020,34.83,17,82604,46.1,10.9,47.46,10016,16044,206,6,7.3,9.7,59,-0.5,3.89,0,98,100,98,76,72,51,92,92,86,45,28,0,98,75
11,DC,54,39,3.45,39,39,33.1,0.38,3.07,702455,2.3,5/23/2020,34.83,17,82604,46.1,10.9,47.46,10016,16044,206,6,7.3,9.7,59,-0.5,3.96,6,98,100,98,78,49,51,82,92,86,45,28,0,61,75
11,DC,64,45,3.02,36.8,36.8,28.5,0.37,2.65,702455,-11.7,5/24/2020,34.83,17,82604,46.1,10.9,47.46,10016,16044,206,6,5,9.6,60.5,-0.5,3.95,0,96,100,94,78,73,51,84,92,88,44,39,0,74,76
11,DC,62,45,3.13,37.2,37.2,30.3,0.44,2.7,702455,-10,5/25/2020,34.83,17,82604,46.1,10.9,47.46,10016,16044,206,6,5,9.6,60.5,-0.5,3.98,3,96,100,98,84,72,51,96,92,86,45,39,0,46,76
11,DC,65,47,3.06,43.1,43.1,22.1,0.54,2.52,702455,-16,5/26/2020,34.83,17,82604,46.1,10.9,47.46,10016,16044,206,6,5,9.6,60.5,-0.5,3.9,0,98,100,98,84,44,51,96,92,88,45,39,0,98,75
11,DC,61,45,3.13,42.8,42.8,27.7,0.53,2.6,702455,-13.4,5/27/2020,34.83,17,82604,46.1,10.9,47.46,10016,16044,206,6,5,9.6,60.5,-0.5,3.88,0,98,100,96,82,41,51,96,92,88,43,39,0,98,75
11,DC,61,44,3.09,43.3,43.3,28.4,0.5,2.58,702455,-14,5/28/2020,34.83,17,82604,46.1,10.9,47.46,10016,16044,206,6,5,9.6,60.5,-0.5,3.91,0,98,100,92,84,38,51,97,92,90,41,39,0,98,76
11,DC,54,41,3.41,42.9,42.9,31.8,0.57,2.84,702455,-5.4,5/29/2020,34.83,17,82604,46.1,10.9,47.46,10016,16044,206,6,5,9.6,60.5,-0.5,3.95,0,98,100,82,80,27,51,98,92,94,41,39,0,98,76
11,DC,49,38,3.67,37.8,37.8,38.7,0.48,3.18,702455,5.9,5/30/2020,34.83,17,82604,46.1,10.9,47.46,10016,16044,206,6,5,9.6,60.5,-0.5,3.89,2,96,100,96,82,22,51,98,92,94,41,39,0,53,75
11,DC,60,44,3.26,37.2,37.2,32.6,0.42,2.85,702455,-5,5/31/2020,34.83,17,82604,46.1,10.9,47.46,10016,16044,206,6,4.7,9.3,58.6,-0.5,3.89,2,96,100,98,84,19,51,98,92,94,41,41,0,45,75
11,DC,61,46,3.13,42.5,42.5,30.3,0.53,2.59,702455,-13.7,6/1/2020,34.83,17,82604,46.1,10.9,47.46,10016,16044,206,6,4.7,9.3,58.6,0.1,3.88,0,98,100,98,86,17,51,98,94,94,39,41,0,98,75
11,DC,57,44,3.2,43.6,43.6,35.6,0.54,2.66,702455,-11.4,6/2/2020,34.83,17,82604,46.1,10.9,47.46,10016,16044,206,6,4.7,9.3,58.6,0.1,3.88,0,98,100,75,88,16,51,98,94,96,37,41,0,98,75
11,DC,57,43,3.36,42.7,42.7,30,0.56,2.8,702455,-6.7,6/3/2020,34.83,17,82604,46.1,10.9,47.46,10016,16044,206,6,4.7,9.3,58.6,0.1,3.84,0,98,100,90,88,10,51,98,94,96,37,41,0,92,73
11,DC,54,43,3.29,44.3,44.3,36.8,0.56,2.73,702455,-9,6/4/2020,34.83,17,82604,46.1,10.9,47.46,10016,16044,206,6,4.7,9.3,58.6,0.1,3.81,0,98,100,92,88,10,51,98,94,96,37,41,0,98,75
11,DC,50,39,3.49,42.5,42.5,36,0.57,2.92,702455,-2.7,6/5/2020,34.83,17,82604,46.1,10.9,47.46,10016,16044,206,6,4.7,9.3,58.6,0.1,3.82,0,98,100,100,86,76,51,98,94,96,36,41,0,96,75
11,DC,46,37,3.81,37.6,37.6,37.6,0.43,3.37,702455,12.3,6/6/2020,34.83,17,82604,46.1,10.9,47.46,10016,16044,206,6,4.7,9.3,58.6,0.1,3.82,3,94,100,94,86,52,51,98,94,96,32,41,0,35,75
11,DC,55,41,3.31,38,38,37.1,0.39,2.92,702455,-2.7,6/7/2020,34.83,17,82604,46.1,10.9,47.46,10016,16044,206,6,4.3,9,57.6,0.1,3.84,4,96,100,88,84,45,51,99,94,96,31,48,0,40,75
11,DC,59,44,3.2,43.3,43.3,29.7,0.55,2.65,702455,-11.7,6/8/2020,34.83,17,82604,46.1,10.9,47.46,10016,16044,206,6,4.3,9,57.6,0.1,3.83,0,98,100,82,88,41,51,98,94,96,33,48,0,96,75
11,DC,58,41,3.34,43.6,43.6,21.6,0.6,2.75,702455,-8.4,6/9/2020,34.83,17,82604,46.1,10.9,47.46,10016,16044,206,6,4.3,9,57.6,0.1,3.82,0,98,100,90,88,75,51,98,94,94,34,48,0,98,75
11,DC,54,42,3.33,43.8,43.8,33.5,0.57,2.76,702455,-8,6/10/2020,34.83,17,82604,46.1,10.9,47.46,10016,16044,206,6,4.3,9,57.6,0.1,3.82,0,98,100,88,90,47,51,99,94,94,34,48,0,98,75
11,DC,58,43,3.21,44.3,44.3,28.6,0.58,2.64,702455,-12,6/11/2020,34.83,17,82604,46.1,10.9,47.46,10016,16044,206,6,4.3,9,57.6,0.1,3.83,0,98,100,82,88,45,51,100,94,94,34,48,0,98,75
11,DC,45,36,3.73,42.5,42.5,34.6,0.58,3.15,702455,5,6/12/2020,34.83,17,82604,46.1,10.9,47.46,10016,16044,206,6,4.3,9,57.6,0.1,3.85,0,98,100,78,88,39,51,98,94,94,34,48,0,86,75
11,DC,45,36,3.8,38.6,38.6,38.7,0.44,3.36,702455,11.9,6/13/2020,34.83,17,82604,46.1,10.9,47.46,10016,16044,206,6,4.3,9,57.6,0.1,3.87,2,96,100,67,88,35,51,98,94,94,32,48,0,49,75
11,DC,64,49,3.13,42.8,42.8,29.6,0.4,2.73,702455,-9,6/14/2020,34.83,17,82604,46.1,10.9,47.46,10016,16044,206,6,4.3,8.9,57.4,0.1,3.88,0,98,100,76,80,33,51,98,94,92,32,46,0,96,75
11,DC,64,48,2.96,47.5,47.5,26.4,0.56,2.4,702455,-20,6/15/2020,34.83,17,82604,46.1,10.9,47.46,10016,16044,206,6,4.3,8.9,57.4,0.1,3.86,0,100,100,71,92,31,51,98,94,92,32,46,0,96,75
11,DC,62,47,3.15,46,46,24.8,0.6,2.56,702455,-14.7,6/16/2020,34.83,17,82604,46.1,10.9,47.46,10016,16044,206,6,4.3,8.9,57.4,0.1,3.9,0,100,100,59,92,27,51,97,94,92,32,46,0,98,75
11,DC,63,49,3.06,46,46,30.5,0.57,2.49,702455,-17,6/17/2020,34.83,17,82604,46.1,10.9,47.46,10016,16044,206,6,4.3,8.9,57.4,0.1,3.93,0,100,100,35,86,25,51,94,94,92,28,46,0,98,75
11,DC,63,48,3.13,45.4,45.4,26.9,0.58,2.56,702455,-14.7,6/18/2020,34.83,17,82604,46.1,10.9,47.46,10016,16044,206,6,4.3,8.9,57.4,0.1,3.95,0,100,100,49,80,25,51,94,94,98,29,46,0,98,75
11,DC,58,45,3.35,44.7,44.7,29.5,0.58,2.77,702455,-7.7,6/19/2020,34.83,17,82604,46.1,10.9,47.46,10016,16044,206,6,4.3,8.9,57.4,0.1,3.98,0,100,100,59,76,24,51,94,94,92,29,46,0,96,75
11,DC,60,47,3.21,41.7,41.7,35,0.44,2.77,702455,-7.7,6/20/2020,34.83,17,82604,46.1,10.9,47.46,10016,16044,206,6,4.3,8.9,57.4,0.1,3.99,0,98,100,59,65,22,51,94,94,88,31,46,0,96,75
11,DC,63,48,3.1,42,42,31.6,0.4,2.7,702455,-10,6/21/2020,34.83,17,82604,46.1,10.9,47.46,10016,16044,206,6,4.3,8.8,57.2,0.1,4.01,0,98,100,57,61,22,51,94,94,90,31,46,0,94,75
11,DC,65,48,2.95,44.5,44.5,24.8,0.56,2.39,702455,-20.4,6/22/2020,34.83,17,82604,46.1,10.9,47.46,10016,16044,206,6,4.3,8.8,57.2,0.1,4.03,0,100,100,45,80,20,51,91,94,86,31,46,0,98,75
11,DC,61,47,3.2,45.1,45.1,27,0.6,2.6,702455,-13.4,6/23/2020,34.83,17,82604,46.1,10.9,47.46,10016,16044,206,6,4.3,8.8,57.2,0.1,4.06,0,100,100,51,82,16,45,90,94,90,31,46,0,98,75
11,DC,61,48,3.1,45,45,33.2,0.58,2.53,702455,-15.7,6/24/2020,34.83,17,82604,46.1,10.9,47.46,10016,16044,206,6,4.3,8.8,57.2,0.1,4.11,0,100,100,49,82,16,45,91,94,88,33,46,0,98,76
11,DC,62,48,3.18,44.5,44.5,29.3,0.58,2.6,702455,-13.4,6/25/2020,34.83,17,82604,46.1,10.9,47.46,10016,16044,206,6,4.3,8.8,57.2,0.1,4.15,0,100,100,35,78,14,45,90,94,88,33,46,0,98,76
11,DC,57,45,3.4,43.8,43.8,32.1,0.59,2.81,702455,-6.4,6/26/2020,34.83,17,82604,46.1,10.9,47.46,10016,16044,206,6,4.3,8.8,57.2,0.1,4.21,0,100,100,29,67,14,45,90,94,86,33,46,0,98,76
11,DC,58,45,3.21,43.1,43.1,36,0.44,2.77,702455,-7.7,6/27/2020,34.83,17,82604,46.1,10.9,47.46,10016,16044,206,6,4.3,8.8,57.2,0.1,4.26,0,98,100,27,61,10,45,90,94,78,31,46,0,86,76
11,DC,65,49,2.86,42.1,42.1,32.4,0.4,2.46,702455,-18,6/28/2020,34.83,17,82604,46.1,10.9,47.46,10016,16044,206,6,3.6,8.6,58.8,0.1,4.3,0,98,100,27,57,8,45,90,94,73,31,46,0,96,78
11,DC,65,49,2.91,44.9,44.9,28,0.57,2.34,702455,-22,6/29/2020,34.83,17,82604,46.1,10.9,47.46,10016,16044,206,6,3.6,8.6,58.8,0.1,4.33,0,100,100,35,67,6,45,89,94,73,31,46,0,81,78
11,DC,62,46,3.02,46.5,46.5,26.5,0.6,2.42,702455,-19.4,6/30/2020,34.83,17,82604,46.1,10.9,47.46,10016,16044,206,6,3.6,8.6,58.8,0.1,4.36,0,99,100,39,66,4,44,88,94,75,31,46,0,96,78
11,DC,58,45,3.37,44.3,44.3,29.6,0.58,2.79,702455,-7,7/1/2020,34.83,17,82604,46.1,10.9,47.46,10016,16044,206,6,3.6,8.6,58.8,0.5,4.42,0,98,100,39,67,2,44,88,94,75,31,46,0,90,80
11,DC,51,43,3.57,44.5,44.5,37.8,0.58,2.99,702455,-0.4,7/2/2020,34.83,17,82604,46.1,10.9,47.46,10016,16044,206,6,3.6,8.6,58.8,0.5,4.38,0,100,100,22,55,0,44,88,92,73,29,46,0,96,80
11,DC,53,43,3.63,40.9,40.9,36.9,0.45,3.18,702455,5.9,7/3/2020,34.83,17,82604,46.1,10.9,47.46,10016,16044,206,6,3.6,8.6,58.8,0.5,4.33,0,98,100,24,45,53,44,85,92,76,29,46,0,92,82
11,DC,61,46,3.23,41.6,41.6,30.3,0.44,2.78,702455,-7.4,7/4/2020,34.83,17,82604,46.1,10.9,47.46,10016,16044,206,6,3.6,8.6,58.8,0.5,4.32,0,98,100,14,53,10,44,84,92,61,28,46,0,82,82
11,DC,64,49,2.92,40.8,40.8,36.9,0.4,2.53,702455,-15.7,7/5/2020,34.83,17,82604,46.1,10.9,47.46,10016,16044,206,6,4.6,8.4,56.8,0.5,4.32,0,94,100,27,35,62,44,82,92,61,28,49,0,86,82
11,DC,61,47,2.94,45.7,45.7,34.9,0.57,2.36,702455,-21.4,7/6/2020,34.83,17,82604,46.1,10.9,47.46,10016,16044,206,6,4.6,8.4,56.8,0.5,4.32,0,99,100,23,51,19,44,78,92,49,28,49,0,92,82
11,DC,61,46,3.11,46.4,46.4,29.1,0.61,2.5,702455,-16.7,7/7/2020,34.83,17,82604,46.1,10.9,47.46,10016,16044,206,6,4.6,8.4,56.8,0.5,4.32,0,100,100,39,55,60,43,77,92,53,27,49,0,98,82
11,DC,57,44,3.21,48.1,48.1,31.5,0.59,2.63,702455,-12.4,7/8/2020,34.83,17,82604,46.1,10.9,47.46,10016,16044,206,6,4.6,8.4,56.8,0.5,4.33,0,100,100,45,57,58,43,73,94,63,25,49,0,96,82
11,DC,59,45,3.22,47.1,47.1,27.3,0.58,2.64,702455,-12,7/9/2020,34.83,17,82604,46.1,10.9,47.46,10016,16044,206,6,4.6,8.4,56.8,0.5,4.37,0,100,100,43,55,57,43,73,94,55,25,49,0,96,82
11,DC,55,44,3.34,47,47,31.8,0.6,2.75,702455,-8.4,7/10/2020,34.83,17,82604,46.1,10.9,47.46,10016,16044,206,6,4.6,8.4,56.8,0.5,4.37,0,100,100,33,53,62,43,69,94,51,25,49,0,92,82
11,DC,57,44,3.28,44.3,44.3,34.6,0.45,2.83,702455,-5.7,7/11/2020,34.83,17,82604,46.1,10.9,47.46,10016,16044,206,6,4.6,8.4,56.8,0.5,4.36,0,98,100,29,43,58,43,68,92,61,24,49,0,92,82
11,DC,63,48,2.96,44.5,44.5,33.6,0.4,2.56,702455,-14.7,7/12/2020,34.83,17,82604,46.1,10.9,47.46,10016,16044,206,6,4.3,8.6,56.5,0.5,4.36,0,98,100,33,33,56,43,66,92,61,24,53,0,82,82
11,DC,62,46,3.08,47.1,47.1,27.1,0.58,2.5,702455,-16.7,7/13/2020,34.83,17,82604,46.1,10.9,47.46,10016,16044,206,6,4.3,8.6,56.5,0.5,4.34,0,100,100,35,51,57,43,62,92,49,24,53,0,98,82
11,DC,60,46,3.16,46.9,46.9,28.5,0.61,2.55,702455,-15,7/14/2020,34.83,17,82604,46.1,10.9,47.46,10016,16044,206,6,4.3,8.6,56.5,0.5,4.35,0,100,100,33,55,55,41,59,90,43,22,53,0,98,82
11,DC,60,46,3.23,46.6,46.6,27.3,0.59,2.64,702455,-12,7/15/2020,34.83,17,82604,46.1,10.9,47.46,10016,16044,206,6,4.3,8.6,56.5,0.5,4.37,0,100,100,37,51,54,41,57,90,49,22,53,0,98,84
11,DC,57,45,3.34,46.3,46.3,29.4,0.59,2.76,702455,-8,7/16/2020,34.83,17,82604,46.1,10.9,47.46,10016,16044,206,6,4.3,8.6,56.5,0.5,4.41,0,100,100,29,47,55,41,57,90,49,22,53,0,98,84
11,DC,61,45,3.1,46.9,46.9,25,0.6,2.5,702455,-16.7,7/17/2020,34.83,17,82604,46.1,10.9,47.46,10016,16044,206,6,4.3,8.6,56.5,0.5,4.44,0,100,100,27,35,55,41,56,90,35,22,53,0,84,84
11,DC,61,46,3.05,44.2,44.2,32.8,0.45,2.59,702455,-13.7,7/18/2020,34.83,17,82604,46.1,10.9,47.46,10016,16044,206,6,4.3,8.6,56.5,0.5,4.44,0,96,100,28,33,59,41,56,90,33,22,53,0,82,84
11,DC,65,49,2.93,42.1,42.1,32.6,0.4,2.52,702455,-16,7/19/2020,34.83,17,82604,46.1,10.9,47.46,10016,16044,206,6,3.7,8.7,56.1,0.5,4.43,0,96,100,37,32,58,41,55,90,35,21,57,0,94,84
11,DC,65,48,2.93,46.2,46.2,25.6,0.58,2.35,702455,-21.7,7/20/2020,34.83,17,82604,46.1,10.9,47.46,10016,16044,206,6,3.7,8.7,56.1,0.5,4.42,0,100,100,45,51,59,41,55,88,35,21,57,0,98,84
11,DC,63,47,3.12,45.9,45.9,24.4,0.62,2.5,702455,-16.7,7/21/2020,34.83,17,82604,46.1,10.9,47.46,10016,16044,206,6,3.7,8.7,56.1,0.5,4.42,0,100,100,45,51,58,40,52,88,35,21,57,0,98,84
11,DC,63,47,3,46.6,46.6,24.9,0.59,2.41,702455,-19.7,7/22/2020,34.83,17,82604,46.1,10.9,47.46,10016,16044,206,6,3.7,8.7,56.1,0.5,4.41,0,100,100,55,47,65,40,51,88,37,18,57,0,98,84
11,DC,59,45,3.27,45.4,45.4,28.1,0.59,2.68,702455,-10.7,7/23/2020,34.83,17,82604,46.1,10.9,47.46,10016,16044,206,6,3.7,8.7,56.1,0.5,4.42,0,100,100,39,41,68,40,52,88,37,17,57,0,98,84
11,DC,57,45,3.42,44.5,44.5,29.3,0.61,2.82,702455,-6,7/24/2020,34.83,17,82604,46.1,10.9,47.46,10016,16044,206,6,3.7,8.7,56.1,0.5,4.43,0,100,100,35,35,65,40,49,88,37,18,57,0,98,84
11,DC,57,44,3.52,42.3,42.3,31,0.46,3.06,702455,2,7/25/2020,34.83,17,82604,46.1,10.9,47.46,10016,16044,206,6,3.7,8.7,56.1,0.5,4.42,0,98,100,27,33,67,40,48,86,45,18,57,0,86,84
11,DC,63,48,3.18,40.9,40.9,32.6,0.4,2.78,702455,-7.4,7/26/2020,34.83,17,82604,46.1,10.9,47.46,10016,16044,206,6,3,8.7,56.1,0.5,4.41,2,98,100,31,33,65,40,48,86,39,15,62,0,96,84
11,DC,63,47,3.11,45.2,45.2,24.4,0.58,2.53,702455,-15.7,7/27/2020,34.83,17,82604,46.1,10.9,47.46,10016,16044,206,6,3,8.7,56.1,0.5,4.41,0,100,100,37,51,68,40,47,86,35,15,62,0,98,84
11,DC,58,45,3.28,45.5,45.5,29.8,0.62,2.65,702455,-11.7,7/28/2020,34.83,17,82604,46.1,10.9,47.46,10016,16044,206,6,3,8.7,56.1,0.5,4.41,0,100,100,49,53,68,40,43,86,35,15,62,0,98,84
11,DC,61,44,3.22,45.2,45.2,23.4,0.59,2.62,702455,-12.7,7/29/2020,34.83,17,82604,46.1,10.9,47.46,10016,16044,206,6,3,8.7,56.1,0.5,4.43,0,100,100,39,53,29,40,43,86,33,16,62,0,98,84
11,DC,58,44,3.34,44.6,44.6,25.9,0.59,2.75,702455,-8.4,7/30/2020,34.83,17,82604,46.1,10.9,47.46,10016,16044,206,6,3,8.7,56.1,0.5,4.44,0,100,100,29,45,25,40,43,86,33,16,62,0,98,84
11,DC,56,44,3.52,42.8,42.8,28.8,0.61,2.91,702455,-3,7/31/2020,34.83,17,82604,46.1,10.9,47.46,10016,16044,206,6,3,8.7,56.1,0.5,4.44,0,98,100,24,35,25,40,41,86,33,16,62,0,98,84
11,DC,56,43,3.54,41.2,41.2,31.2,0.46,3.08,702455,2.6,8/1/2020,34.83,17,82604,46.1,10.9,47.46,10016,16044,206,6,3,8.7,56.1,1,4.44,0,96,100,35,35,25,40,39,86,39,16,62,0,88,84
11,DC,62,47,3.26,39.1,39.1,31.3,0.42,2.84,702455,-5.4,8/2/2020,34.83,17,82604,46.1,10.9,47.46,10016,16044,206,6,2.3,8.5,55.5,1,4.42,0,94,100,39,33,24,40,37,86,35,16,71,0,88,84
11,DC,62,46,3.22,42.6,42.6,25.1,0.59,2.63,702455,-12.4,8/3/2020,34.83,17,82604,46.1,10.9,47.46,10016,16044,206,6,2.3,8.5,55.5,1,4.44,0,100,100,39,53,24,40,39,86,37,15,71,0,98,84
11,DC,62,47,3.18,43.6,43.6,26.5,0.63,2.55,702455,-15,8/4/2020,34.83,17,82604,46.1,10.9,47.46,10016,16044,206,6,2.3,8.5,55.5,1,4.44,0,100,100,41,55,22,40,39,86,33,15,71,0,98,84
11,DC,56,43,3.56,44.1,44.1,25.4,0.59,2.96,702455,-1.4,8/5/2020,34.83,17,82604,46.1,10.9,47.46,10016,16044,206,6,2.3,8.5,55.5,1,4.45,0,100,100,31,59,20,40,36,86,33,15,71,0,96,84
11,DC,58,45,3.34,44.1,44.1,29.8,0.6,2.75,702455,-8.4,8/6/2020,34.83,17,82604,46.1,10.9,47.46,10016,16044,206,6,2.3,8.5,55.5,1,4.45,0,100,100,31,53,18,40,36,88,35,16,71,0,98,84
11,DC,55,43,3.54,43.6,43.6,28.6,0.61,2.93,702455,-2.4,8/7/2020,34.83,17,82604,46.1,10.9,47.46,10016,16044,206,6,2.3,8.5,55.5,1,4.47,0,100,100,29,47,18,40,33,88,31,17,71,0,98,84
11,DC,54,43,3.56,41.1,41.1,35.1,0.47,3.09,702455,3,8/8/2020,34.83,17,82604,46.1,10.9,47.46,10016,16044,206,6,2.3,8.5,55.5,1,4.48,0,98,100,35,41,16,40,33,90,33,17,71,0,98,84
11,DC,62,47,3.1,41,41,33.4,0.42,2.68,702455,-10.7,8/9/2020,34.83,17,82604,46.1,10.9,47.46,10016,16044,206,6,2.8,8.9,55.2,1,4.48,0,94,100,45,37,16,40,33,92,33,16,71,0,98,84
11,DC,58,45,3.23,43.2,43.2,34.5,0.59,2.64,702455,-12,8/10/2020,34.83,17,82604,46.1,10.9,47.46,10016,16044,206,6,2.8,8.9,55.2,1,4.48,0,100,100,43,55,86,40,33,92,39,17,71,0,98,84
11,DC,60,45,3.24,45.5,45.5,25.9,0.63,2.61,702455,-13,8/11/2020,34.83,17,82604,46.1,10.9,47.46,10016,16044,206,6,2.8,8.9,55.2,1,4.49,0,100,100,61,59,89,40,33,92,37,16,71,0,98,84
11,DC,58,46,3.18,45,45,34.3,0.6,2.58,702455,-14,8/12/2020,34.83,17,82604,46.1,10.9,47.46,10016,16044,206,6,2.8,8.9,55.2,1,4.51,0,100,100,45,59,84,40,33,92,39,16,71,0,98,84
11,DC,57,45,3.15,44.8,44.8,41.8,0.6,2.56,702455,-14.7,8/13/2020,34.83,17,82604,46.1,10.9,47.46,10016,16044,206,6,2.8,8.9,55.2,1,4.52,0,100,100,39,47,81,40,33,92,39,17,71,0,98,84
11,DC,51,42,3.51,43.8,43.8,45.8,0.61,2.9,702455,-3.4,8/14/2020,34.83,17,82604,46.1,10.9,47.46,10016,16044,206,6,2.8,8.9,55.2,1,4.54,0,100,100,31,47,79,40,33,92,39,17,71,0,98,84
11,DC,54,43,3.56,40.3,40.3,52.6,0.47,3.09,702455,3,8/15/2020,34.83,17,82604,46.1,10.9,47.46,10016,16044,206,6,2.8,8.9,55.2,1,4.58,0,96,100,31,41,77,40,32,92,43,17,71,0,98,84
11,DC,61,48,3.12,41,41,44.1,0.42,2.7,702455,-10,8/16/2020,34.83,17,82604,46.1,10.9,47.46,10016,16044,206,6,2.2,9.4,54.8,1,4.37,0,96,100,33,35,54,40,28,92,45,18,72,0,98,84
11,DC,58,46,3,46,46,49.4,0.6,2.41,702455,-19.7,8/17/2020,34.83,17,82604,46.1,10.9,47.46,10016,16044,206,6,2.2,9.4,54.8,1,4.18,0,100,100,35,51,52,40,29,92,51,18,72,0,98,84
11,DC,56,44,3.03,46.5,46.5,48,0.64,2.4,702455,-20,8/18/2020,34.83,17,82604,46.1,10.9,47.46,10016,16044,206,6,2.2,9.4,54.8,1,4.06,0,100,100,43,53,52,38,28,92,47,18,72,0,98,84
11,DC,56,45,3.23,45.1,45.1,44.3,0.6,2.63,702455,-12.4,8/19/2020,34.83,17,82604,46.1,10.9,47.46,10016,16044,206,6,2.2,9.4,54.8,1,3.99,0,100,100,29,51,50,38,29,92,51,18,72,0,98,84
11,DC,53,43,3.21,47.5,47.5,51.1,0.6,2.6,702455,-13.4,8/20/2020,34.83,17,82604,46.1,10.9,47.46,10016,16044,206,6,2.2,9.4,54.8,1,3.93,0,100,100,27,47,48,38,29,92,45,18,72,0,98,84
11,DC,50,42,3.61,44.2,44.2,50.7,0.61,2.99,702455,-0.4,8/21/2020,34.83,17,82604,46.1,10.9,47.46,10016,16044,206,6,2.2,9.4,54.8,1,3.88,0,100,100,29,47,44,38,28,92,45,18,72,0,96,84
11,DC,53,43,3.46,42.6,42.6,54.1,0.47,2.99,702455,-0.4,8/22/2020,34.83,17,82604,46.1,10.9,47.46,10016,16044,206,6,2.2,9.4,54.8,1,3.82,0,98,100,35,45,40,38,27,92,45,18,72,0,98,84
11,DC,60,47,3.03,43.3,43.3,45.3,0.6,2.43,702455,-19,8/23/2020,34.83,17,82604,46.1,10.9,47.46,10016,16044,206,6,1.9,9.7,52.2,1,3.74,0,100,100,39,45,40,38,25,92,45,18,69,0,96,84
11,DC,59,46,2.93,45.7,45.7,44.9,0.6,2.34,702455,-22,8/24/2020,34.83,17,82604,46.1,10.9,47.46,10016,16044,206,6,1.9,9.7,52.2,1,3.67,0,100,100,41,49,33,38,25,92,47,18,69,0,98,84
11,DC,55,45,3.3,45,45,41.6,0.64,2.67,702455,-11,8/25/2020,34.83,17,82604,46.1,10.9,47.46,10016,16044,206,6,1.9,9.7,52.2,1,3.6,0,100,100,37,59,29,38,25,92,53,18,69,0,98,84
11,DC,57,44,3.19,46.5,46.5,31.2,0.61,2.58,702455,-14,8/26/2020,34.83,17,82604,46.1,10.9,47.46,10016,16044,206,6,1.9,9.7,52.2,1,3.56,0,100,100,16,63,27,38,25,92,49,17,69,0,98,84
11,DC,60,45,3.16,47,47,24.3,0.6,2.56,702455,-14.7,8/27/2020,34.83,17,82604,46.1,10.9,47.46,10016,16044,206,6,1.9,9.7,52.2,1,3.49,0,100,100,31,63,22,38,26,92,47,17,69,0,96,84
11,DC,57,44,3.33,45.1,45.1,28.6,0.62,2.72,702455,-9.4,8/28/2020,34.83,17,82604,46.1,10.9,47.46,10016,16044,206,6,1.9,9.7,52.2,1,3.44,0,100,100,29,53,74,38,25,92,39,18,69,0,96,84
11,DC,63,48,2.95,43.8,43.8,31.8,0.48,2.47,702455,-17.7,8/29/2020,34.83,17,82604,46.1,10.9,47.46,10016,16044,206,6,1.9,9.7,52.2,1,3.38,0,98,100,43,47,73,38,25,92,45,21,69,0,98,84
11,DC,60,47,3.34,41.4,41.4,34,0.6,2.73,702455,-9,8/30/2020,34.83,17,82604,46.1,10.9,47.46,10016,16044,206,6,2,10.1,51.3,1,3.34,2,98,100,33,47,33,38,25,92,41,21,69,0,71,84
11,DC,58,46,3.23,43.8,43.8,33.7,0.65,2.58,702455,-14,8/31/2020,34.83,17,82604,46.1,10.9,47.46,10016,16044,206,6,2,10.1,51.3,1,3.3,0,100,100,33,49,26,38,25,94,39,11,69,0,76,84
11,DC,64,47,3.13,45,45,22,0.64,2.49,702455,-17,9/1/2020,34.83,17,82604,46.1,10.9,47.46,10016,16044,206,6,2,10.1,51.3,1.5,3.26,0,100,100,33,53,67,38,25,94,41,11,69,0,98,84
11,DC,60,45,3.17,46.5,46.5,28.7,0.61,2.56,702455,-14.7,9/2/2020,34.83,17,82604,46.1,10.9,47.46,10016,16044,206,6,2,10.1,51.3,1.5,3.23,0,100,100,24,55,68,38,25,94,39,11,69,0,96,84
11,DC,59,45,3.36,43.7,43.7,29.8,0.61,2.75,702455,-8.4,9/3/2020,34.83,17,82604,46.1,10.9,47.46,10016,16044,206,6,2,10.1,51.3,1.5,3.2,0,100,100,22,51,37,38,24,94,41,11,69,0,98,84
11,DC,54,42,3.58,43.5,43.5,34.7,0.62,2.96,702455,-1.4,9/4/2020,34.83,17,82604,46.1,10.9,47.46,10016,16044,206,6,2,10.1,51.3,1.5,3.18,0,100,100,22,47,27,38,24,94,41,11,69,0,96,84
11,DC,55,41,3.62,41.1,41.1,33.1,0.48,3.14,702455,4.6,9/5/2020,34.83,17,82604,46.1,10.9,47.46,10016,16044,206,6,2,10.1,51.3,1.5,3.15,0,98,100,31,45,25,38,24,94,41,11,69,0,92,84
11,DC,59,44,3.3,41.3,41.3,31.7,0.61,2.7,702455,-10,9/6/2020,34.83,17,82604,46.1,10.9,47.46,10016,16044,206,6,1.8,10.4,50.8,1.5,3.12,2,98,100,33,41,25,38,24,94,43,12,65,0,88,84
11,DC,60,46,3.22,40.2,40.2,36.7,0.65,2.57,702455,-14.4,9/7/2020,34.83,17,82604,46.1,10.9,47.46,10016,16044,206,6,1.8,10.4,50.8,1.5,3.09,2,96,100,33,41,25,38,24,94,45,13,65,0,96,84
11,DC,64,46,2.99,45.4,45.4,26.1,0.65,2.34,702455,-22,9/8/2020,34.83,17,82604,46.1,10.9,47.46,10016,16044,206,6,1.8,10.4,50.8,1.5,3.06,0,100,100,33,57,25,37,24,94,41,14,65,0,98,84
11,DC,63,47,3.07,45.7,45.7,26.9,0.61,2.46,702455,-18,9/9/2020,34.83,17,82604,46.1,10.9,47.46,10016,16044,206,6,1.8,10.4,50.8,1.5,3.06,0,100,100,27,55,25,37,27,92,39,12,65,0,98,84
11,DC,61,47,3.25,42.9,42.9,27.9,0.62,2.63,702455,-12.4,9/10/2020,34.83,17,82604,46.1,10.9,47.46,10016,16044,206,6,1.8,10.4,50.8,1.5,3.06,0,100,100,22,53,25,37,27,92,37,12,65,0,98,84
11,DC,58,44,3.41,44.8,44.8,27.7,0.62,2.79,702455,-7,9/11/2020,34.83,17,82604,46.1,10.9,47.46,10016,16044,206,6,1.8,10.4,50.8,1.5,3.04,0,100,100,22,53,22,37,27,92,45,12,65,0,98,84
11,DC,59,45,3.51,40.8,40.8,31,0.48,3.04,702455,1.3,9/12/2020,34.83,17,82604,46.1,10.9,47.46,10016,16044,206,6,1.8,10.4,50.8,1.5,3.04,0,98,100,14,47,22,37,27,92,43,12,65,0,92,84
11,DC,66,48,3.01,40.9,40.9,25.5,0.61,2.4,702455,-20,9/13/2020,34.83,17,82604,46.1,10.9,47.46,10016,16044,206,6,2,10.7,50,1.5,3.02,0,98,100,31,43,22,37,27,92,39,13,65,0,96,84
11,DC,64,48,3.03,44.5,44.5,24,0.66,2.38,702455,-20.7,9/14/2020,34.83,17,82604,46.1,10.9,47.46,10016,16044,206,6,2,10.7,50,1.5,3.01,0,100,100,27,61,20,37,27,92,39,13,65,0,97,84
11,DC,64,47,3.12,44.5,44.5,22.5,0.66,2.46,702455,-18,9/15/2020,34.83,17,82604,46.1,10.9,47.46,10016,16044,206,6,2,10.7,50,1.5,3.01,0,100,100,45,59,67,49,27,92,39,14,65,0,98,84
11,DC,61,45,3.11,46.1,46.1,24.4,0.62,2.49,702455,-17,9/16/2020,34.83,17,82604,46.1,10.9,47.46,10016,16044,206,6,2,10.7,50,1.5,3.02,0,100,100,25,61,63,49,27,92,45,15,65,0,98,84
11,DC,65,47,2.75,49.3,49.3,24.9,0.62,2.12,702455,-29.4,9/17/2020,34.83,17,82604,46.1,10.9,47.46,10016,16044,206,6,2,10.7,50,1.5,3.03,0,100,100,25,57,59,49,27,92,41,15,65,0,98,84
11,DC,57,43,3.41,44.2,44.2,27.8,0.63,2.78,702455,-7.4,9/18/2020,34.83,17,82604,46.1,10.9,47.46,10016,16044,206,6,2,10.7,50,1.5,3.04,0,100,100,24,51,55,49,27,92,43,15,65,0,98,84
11,DC,54,43,3.61,42.1,42.1,32.1,0.49,3.12,702455,4,9/19/2020,34.83,17,82604,46.1,10.9,47.46,10016,16044,206,6,2,10.7,50,1.5,3.05,0,98,100,25,47,55,49,27,92,43,15,65,0,96,84
11,DC,62,48,3.07,42.6,42.6,31.7,0.62,2.45,702455,-18.4,9/20/2020,34.83,17,82604,46.1,10.9,47.46,10016,16044,206,6,2,11,48.9,1.5,3.06,0,100,100,31,43,58,49,27,92,51,15,65,0,96,84
11,DC,61,47,3.09,46.2,46.2,29.9,0.66,2.44,702455,-18.7,9/21/2020,34.83,17,82604,46.1,10.9,47.46,10016,16044,206,6,2,11,48.9,1.5,3.09,0,100,100,27,55,63,49,27,90,51,12,65,0,96,84
11,DC,65,47,2.94,46.2,46.2,21.6,0.66,2.28,702455,-24,9/22/2020,34.83,17,82604,46.1,10.9,47.46,10016,16044,206,6,2,11,48.9,1.5,3.11,0,100,100,22,57,68,49,27,90,41,12,65,0,98,84
11,DC,63,45,3.14,45.6,45.6,20.3,0.62,2.52,702455,-16,9/23/2020,34.83,17,82604,46.1,10.9,47.46,10016,16044,206,6,2,11,48.9,1.5,3.14,0,100,100,10,57,36,49,26,90,49,12,65,0,98,84
11,DC,60,44,3.23,46,46,26.2,0.63,2.6,702455,-13.4,9/24/2020,34.83,17,82604,46.1,10.9,47.46,10016,16044,206,6,2,11,48.9,1.5,3.16,0,100,100,16,57,31,49,26,90,54,12,65,0,98,84
11,DC,56,43,3.41,46.8,46.8,29.9,0.63,2.78,702455,-7.4,9/25/2020,34.83,17,82604,46.1,10.9,47.46,10016,16044,206,6,2,11,48.9,1.5,3.2,0,100,100,16,55,25,49,26,90,51,12,65,0,98,84
11,DC,56,43,3.54,43.9,43.9,27.9,0.5,3.05,702455,1.6,9/26/2020,34.83,17,82604,46.1,10.9,47.46,10016,16044,206,6,2,11,48.9,1.5,3.2,0,100,100,24,49,24,49,25,90,43,12,65,0,98,84
11,DC,60,45,3.17,42.6,42.6,30.6,0.62,2.55,702455,-15,9/27/2020,34.83,17,82604,46.1,10.9,47.46,10016,16044,206,6,2,11,48.9,1.5,3.2,0,98,100,20,43,18,49,25,90,51,13,65,0,98,84
11,DC,62,45,3.17,44.4,44.4,22.9,0.66,2.51,702455,-16.4,9/28/2020,34.83,17,82604,46.1,10.9,47.46,10016,16044,206,6,2,11,48.9,1.5,3.2,0,100,100,12,55,16,49,25,90,53,13,65,0,98,84
11,DC,63,47,2.99,48,48,24.4,0.67,2.32,702455,-22.7,9/29/2020,34.83,17,82604,46.1,10.9,47.46,10016,16044,206,6,2,11,48.9,1.5,3.2,0,100,100,10,55,10,49,25,90,37,13,65,0,98,84
24,MD,54,32,2.48,36.3,12.8,29.6,0.22,2.25,6042718,-21.6,1/1/2020,8.53,21,84342,29.3,9.8,48.48,484,230,133,28,0.6,3.3,4.7,0.3,0,25,90,88,51,51,49,49,51,99,51,51,42,56,57,51
24,MD,18,19,3.45,37.7,12.2,36.7,0.63,2.82,6042718,-1.8,1/2/2020,8.53,21,84342,29.3,9.8,48.48,484,230,133,28,0.6,3.3,4.7,0.3,0,67,89,88,51,51,49,49,51,99,51,51,42,56,53,51
24,MD,16,19,3.55,37.5,12.2,36.6,0.62,2.94,6042718,2.4,1/3/2020,8.53,21,84342,29.3,9.8,48.48,484,230,133,28,0.6,3.3,4.7,0.3,0,48,86,88,51,51,49,49,51,99,51,51,42,56,75,51
24,MD,35,24,3.13,37,12.3,33.2,0.29,2.85,6042718,-0.7,1/4/2020,8.53,21,84342,29.3,9.8,48.48,484,230,133,28,0.6,3.3,4.7,0.3,0,11,88,88,51,51,49,49,51,99,51,51,42,56,43,51
24,MD,48,29,2.69,36.3,12.4,30.5,0.23,2.46,6042718,-14.3,1/5/2020,8.53,21,84342,29.3,9.8,48.48,484,230,133,28,0.7,3.3,4.7,0.3,0,23,90,88,51,51,49,49,51,99,51,51,42,56,55,51
24,MD,17,19,3.48,38.1,12.3,36,0.64,2.84,6042718,-1.1,1/6/2020,8.53,21,84342,29.3,9.8,48.48,484,230,133,28,0.7,3.3,4.7,0.3,0,60,90,90,51,51,49,49,51,99,51,51,42,56,41,51
24,MD,24,20,3.29,38,12.3,32.8,0.62,2.67,6042718,-7,1/7/2020,8.53,21,84342,29.3,9.8,48.48,484,230,133,28,0.7,3.3,4.7,0.3,0,6,90,90,51,51,49,45,51,99,51,51,42,56,96,51
24,MD,19,19,3.43,38.1,12.3,34.6,0.64,2.79,6042718,-2.8,1/8/2020,8.53,21,84342,29.3,9.8,48.48,484,230,133,28,0.7,3.3,4.7,0.3,0,15,90,90,51,51,49,45,51,99,51,51,42,56,92,51
24,MD,14,18,3.53,38.8,12.7,37.1,0.65,2.89,6042718,0.6,1/9/2020,8.53,21,84342,29.3,9.8,48.48,484,230,133,28,0.7,3.3,4.7,0.3,0,64,92,90,51,51,49,45,51,99,51,51,42,56,66,51
24,MD,13,17,3.73,38.1,12.5,38.8,0.63,3.1,6042718,8,1/10/2020,8.53,21,84342,29.3,9.8,48.48,484,230,133,28,0.7,3.3,4.7,0.3,0,85,88,88,51,51,49,45,51,99,51,51,42,56,24,51
24,MD,28,22,3.37,37.2,12.1,34.5,0.3,3.07,6042718,6.9,1/11/2020,8.53,21,84342,29.3,9.8,48.48,484,230,133,28,0.7,3.3,4.7,0.3,0,80,91,88,51,51,49,45,51,99,51,51,42,56,12,51
24,MD,42,27,2.9,35.9,12.2,32.3,0.25,2.66,6042718,-7.4,1/12/2020,8.53,21,84342,29.3,9.8,48.48,484,230,133,28,0.6,3.3,4.7,0.3,0,66,90,88,51,51,49,45,51,99,51,51,43,56,10,51
24,MD,19,19,3.43,37.9,12.3,35.3,0.6,2.84,6042718,-1.1,1/13/2020,8.53,21,84342,29.3,9.8,48.48,484,230,133,28,0.6,3.3,4.7,0.3,0,60,90,90,51,51,49,45,51,99,51,51,43,56,48,51
24,MD,17,18,3.49,38.3,12.4,35.3,0.62,2.88,6042718,0.3,1/14/2020,8.53,21,84342,29.3,9.8,48.48,484,230,133,28,0.6,3.3,4.7,0.3,0,35,90,90,51,51,49,75,51,99,51,51,43,56,74,51
24,MD,14,17,3.59,38.2,12.4,37.2,0.62,2.97,6042718,3.4,1/15/2020,8.53,21,84342,29.3,9.8,48.48,484,230,133,28,0.6,3.3,4.7,0.3,0,69,92,90,51,51,49,75,51,99,51,51,43,56,51,51
24,MD,14,17,3.56,38.7,12.8,38.2,0.62,2.94,6042718,2.4,1/16/2020,8.53,21,84342,29.3,9.8,48.48,484,230,133,28,0.6,3.3,4.7,0.3,0,72,92,90,51,51,49,75,51,99,51,51,43,56,62,51
24,MD,14,17,3.72,38.2,12.7,41.4,0.59,3.13,6042718,9,1/17/2020,8.53,21,84342,29.3,9.8,48.48,484,230,133,28,0.6,3.3,4.7,0.3,0,75,90,88,51,51,49,75,51,99,51,51,43,56,30,51
24,MD,46,29,2.85,34.8,11.5,30.3,0.28,2.57,6042718,-10.5,1/18/2020,8.53,21,84342,29.3,9.8,48.48,484,230,133,28,0.6,3.3,4.7,0.3,0,14,84,88,51,51,49,75,51,99,51,51,43,56,88,51
24,MD,44,28,2.8,36.1,12.4,32.3,0.25,2.55,6042718,-11.2,1/19/2020,8.53,21,84342,29.3,9.8,48.48,484,230,133,28,0.5,3.3,4.7,0.3,0,53,90,90,51,51,49,75,51,99,51,51,43,56,27,51
24,MD,32,24,3.08,38.1,12.1,36.7,0.44,2.63,6042718,-8.4,1/20/2020,8.53,21,84342,29.3,9.8,48.48,484,230,133,28,0.5,3.3,4.7,0.3,0,8,90,88,51,51,49,75,51,99,51,51,43,56,70,51
24,MD,17,18,3.44,38.5,12.5,37.6,0.62,2.82,6042718,-1.8,1/21/2020,8.53,21,84342,29.3,9.8,48.48,484,230,133,28,0.5,3.3,4.7,0.3,0,46,92,90,51,51,49,32,51,99,51,51,43,56,71,51
24,MD,16,18,3.49,38.5,12.6,36.5,0.63,2.86,6042718,-0.4,1/22/2020,8.53,21,84342,29.3,9.8,48.48,484,230,133,28,0.5,3.3,4.7,0.3,0,60,91,90,51,51,49,32,50,99,51,51,43,56,57,51
24,MD,13,17,3.57,38.4,12.5,38,0.64,2.93,6042718,2,1/23/2020,8.53,21,84342,29.3,9.8,48.48,484,230,133,28,0.5,3.3,4.7,0.3,0,90,90,90,51,51,49,32,50,99,51,51,43,56,56,51
24,MD,14,17,3.72,38.3,12.6,40.9,0.62,3.1,6042718,8,1/24/2020,8.53,21,84342,29.3,9.8,48.48,484,230,133,28,0.5,3.3,4.7,0.3,0,49,89,88,51,51,49,32,50,99,51,51,43,56,59,51
24,MD,31,23,3.25,37.2,12.1,34.7,0.3,2.95,6042718,2.7,1/25/2020,8.53,21,84342,29.3,9.8,48.48,484,230,133,28,0.5,3.3,4.7,0.3,0,24,90,88,51,51,48,32,50,99,51,51,43,56,46,51
24,MD,41,27,2.88,36.4,12.1,33.5,0.25,2.63,6042718,-8.4,1/26/2020,8.53,21,84342,29.3,9.8,48.48,484,230,133,28,0.5,3.3,4.7,0.3,0,50,90,88,51,51,46,32,50,99,51,51,43,56,20,51
24,MD,17,19,3.45,38.3,12.3,37.7,0.63,2.82,6042718,-1.8,1/27/2020,8.53,21,84342,29.3,9.8,48.48,484,230,133,28,0.5,3.3,4.7,0.3,0,60,92,90,51,51,46,32,50,99,51,51,43,56,58,51
24,MD,15,18,3.49,38.4,12.5,36.6,0.64,2.86,6042718,-0.4,1/28/2020,8.53,21,84342,29.3,9.8,48.48,484,230,133,28,0.5,3.3,4.7,0.3,0,69,91,90,51,51,46,73,50,99,51,51,43,56,68,51
24,MD,14,18,3.53,38.6,12.5,37.1,0.65,2.88,6042718,0.3,1/29/2020,8.53,21,84342,29.3,9.8,48.48,484,230,133,28,0.5,3.3,4.7,0.3,0,80,90,90,51,51,46,73,50,99,51,51,43,56,60,51
24,MD,14,18,3.55,38.5,12.6,38.7,0.65,2.91,6042718,1.3,1/30/2020,8.53,21,84342,29.3,9.8,48.48,484,230,133,28,0.5,3.3,4.7,0.3,0,53,90,90,51,51,46,73,50,99,51,51,43,56,81,51
24,MD,13,17,3.74,37.8,12.4,40.5,0.63,3.12,6042718,8.7,1/31/2020,8.53,21,84342,29.3,9.8,48.48,484,230,133,28,0.5,3.3,4.7,0.3,0,62,89,88,51,51,46,73,50,99,51,51,43,56,66,51
24,MD,27,22,3.37,36.9,12.3,36.6,0.3,3.07,6042718,6.9,2/1/2020,8.53,21,84342,29.3,9.8,48.48,484,230,133,28,0.5,3.3,4.7,0.5,0,29,90,88,51,51,45,73,50,99,51,51,43,56,41,51
24,MD,44,27,2.87,35,11.7,30.2,0.25,2.63,6042718,-8.4,2/2/2020,8.53,21,84342,29.3,9.8,48.48,484,230,133,28,0.5,3.3,4.7,0.5,0,22,90,88,51,51,45,73,50,99,51,51,43,56,43,51
24,MD,16,18,3.51,37.7,12.1,36.5,0.64,2.87,6042718,0,2/3/2020,8.53,21,84342,29.3,9.8,48.48,484,230,133,28,0.5,3.3,4.7,0.5,0,62,90,90,51,51,45,73,50,99,51,51,43,56,39,51
24,MD,15,18,3.53,38,12.5,36.3,0.65,2.89,6042718,0.6,2/4/2020,8.53,21,84342,29.3,9.8,48.48,484,230,133,28,0.5,3.3,4.7,0.5,0,67,90,90,51,51,45,60,50,99,51,51,43,56,41,51
24,MD,15,18,3.51,38.2,12.5,36.3,0.65,2.86,6042718,-0.4,2/5/2020,8.53,21,84342,29.3,9.8,48.48,484,230,133,28,0.5,3.3,4.7,0.5,0,78,90,90,51,51,45,60,50,99,51,51,43,56,63,51
24,MD,15,18,3.5,38.3,12.4,37.2,0.64,2.86,6042718,-0.4,2/6/2020,8.53,21,84342,29.3,9.8,48.48,484,230,133,28,0.5,3.3,4.7,0.5,0,62,94,90,51,51,45,60,50,99,51,51,43,56,72,51
24,MD,14,18,3.68,37.7,12.3,39.4,0.62,3.06,6042718,6.6,2/7/2020,8.53,21,84342,29.3,9.8,48.48,484,230,133,28,0.5,3.3,4.7,0.5,0,51,90,90,51,51,45,60,50,99,51,51,43,56,68,51
24,MD,29,22,3.29,37.5,12.3,35.9,0.29,3,6042718,4.5,2/8/2020,8.53,21,84342,29.3,9.8,48.48,484,230,133,28,0.5,3.3,4.7,0.5,0,53,92,88,51,51,45,60,50,99,51,51,43,56,17,51
24,MD,47,29,2.7,36.2,12.1,30.8,0.23,2.47,6042718,-14,2/9/2020,8.53,21,84342,29.3,9.8,48.48,484,230,133,28,0.5,3.3,4.7,0.5,0,57,90,88,51,51,45,60,50,99,51,51,43,56,8,51
24,MD,18,19,3.36,38.2,12.3,37.6,0.64,2.73,6042718,-4.9,2/10/2020,8.53,21,84342,29.3,9.8,48.48,484,230,133,28,0.5,3.3,4.7,0.5,0,48,91,90,51,51,45,60,50,99,51,51,43,56,86,51
24,MD,16,18,3.48,38.2,12.3,35.9,0.65,2.83,6042718,-1.4,2/11/2020,8.53,21,84342,29.3,9.8,48.48,484,230,133,28,0.5,3.3,4.7,0.5,0,40,93,90,51,51,45,52,50,99,51,51,43,56,82,51
24,MD,13,17,3.56,38.3,12.4,37.1,0.66,2.9,6042718,1,2/12/2020,8.53,21,84342,29.3,9.8,48.48,484,230,133,28,0.5,3.3,4.7,0.5,0,89,90,90,51,51,45,52,50,99,51,51,43,56,57,51
24,MD,14,18,3.57,38.3,12.5,38.4,0.65,2.92,6042718,1.7,2/13/2020,8.53,21,84342,29.3,9.8,48.48,484,230,133,28,0.5,3.3,4.7,0.5,0,65,92,90,51,51,45,52,50,99,51,51,43,56,60,51
24,MD,13,17,3.86,38,12.7,42.3,0.63,3.23,6042718,12.5,2/14/2020,8.53,21,84342,29.3,9.8,48.48,484,230,133,28,0.5,3.3,4.7,0.5,0,56,88,88,51,51,45,52,50,99,51,51,43,56,43,51
24,MD,28,22,3.31,37.8,13,37.5,0.29,3.02,6042718,5.2,2/15/2020,8.53,21,84342,29.3,9.8,48.48,484,230,133,28,0.5,3.3,4.7,0.5,0,21,90,88,51,51,45,52,50,99,51,51,43,56,40,51
24,MD,40,26,2.91,36.6,12.7,34.5,0.24,2.67,6042718,-7,2/16/2020,8.53,21,84342,29.3,9.8,48.48,484,230,133,28,0.4,3.3,4.7,0.5,0,40,90,88,51,51,45,52,50,99,51,51,28,56,20,51
24,MD,36,25,2.9,38.6,12.4,33.9,0.47,2.43,6042718,-15.4,2/17/2020,8.53,21,84342,29.3,9.8,48.48,484,230,133,28,0.4,3.3,4.7,0.5,0,42,90,88,51,51,45,52,50,99,51,51,28,56,23,51
24,MD,15,18,3.53,38.2,12.4,37.3,0.7,2.83,6042718,-1.4,2/18/2020,8.53,21,84342,29.3,9.8,48.48,484,230,133,28,0.4,3.3,4.7,0.5,0,72,92,90,51,51,45,45,50,99,51,51,28,56,47,51
24,MD,14,18,3.56,38.5,12.4,37.9,0.71,2.86,6042718,-0.4,2/19/2020,8.53,21,84342,29.3,9.8,48.48,484,230,133,28,0.4,3.3,4.7,0.5,0,68,90,90,51,51,45,45,50,99,51,51,28,56,59,51
24,MD,14,18,3.57,38.4,12.6,38.7,0.7,2.87,6042718,0,2/20/2020,8.53,21,84342,29.3,9.8,48.48,484,230,133,28,0.4,3.3,4.7,0.5,0,75,90,90,51,51,45,45,50,99,51,51,28,56,63,51
24,MD,13,17,3.73,38.4,12.5,41.9,0.67,3.06,6042718,6.6,2/21/2020,8.53,21,84342,29.3,9.8,48.48,484,230,133,28,0.4,3.3,4.7,0.5,0,60,90,88,51,51,45,45,50,99,50,50,28,56,78,51
24,MD,25,21,3.43,37.2,12.3,37.6,0.31,3.12,6042718,8.7,2/22/2020,8.53,21,84342,29.3,9.8,48.48,484,230,133,28,0.4,3.3,4.7,0.5,0,25,90,88,51,51,45,45,50,99,50,50,28,56,41,51
24,MD,38,25,2.99,36.6,12.6,35.6,0.25,2.74,6042718,-4.6,2/23/2020,8.53,21,84342,29.3,9.8,48.48,484,230,133,28,0.4,3.3,4.7,0.5,0,41,90,88,51,51,45,45,50,99,50,50,28,56,20,51
24,MD,16,19,3.49,38,12.2,37.9,0.71,2.77,6042718,-3.5,2/24/2020,8.53,21,84342,29.3,9.8,48.48,484,230,133,28,0.4,3.3,4.7,0.5,0,72,91,90,51,51,45,45,50,99,50,50,28,56,69,51
24,MD,16,18,3.5,38.2,12.5,37.1,0.72,2.78,6042718,-3.2,2/25/2020,8.53,21,84342,29.3,9.8,48.48,484,230,133,28,0.4,3.3,4.7,0.5,0,26,91,90,51,51,45,38,50,99,50,50,28,56,92,51
24,MD,13,17,3.64,38.3,12.4,38,0.74,2.9,6042718,1,2/26/2020,8.53,21,84342,29.3,9.8,48.48,484,230,133,28,0.4,3.3,4.7,0.5,0,71,92,90,51,51,45,38,50,99,50,50,28,56,86,51
24,MD,13,17,3.62,38.6,12.7,39.5,0.74,2.88,6042718,0.3,2/27/2020,8.53,21,84342,29.3,9.8,48.48,484,230,133,28,0.4,3.3,4.7,0.5,0,67,92,90,51,51,45,38,50,99,50,50,28,56,86,51
24,MD,12,16,3.84,38.4,12.6,42.9,0.71,3.13,6042718,9,2/28/2020,8.53,21,84342,29.3,9.8,48.48,484,230,133,28,0.4,3.3,4.7,0.5,0,72,90,88,51,51,45,38,50,99,50,50,28,56,92,51
24,MD,25,21,3.41,37.4,12.3,37.7,0.31,3.1,6042718,8,2/29/2020,8.53,21,84342,29.3,9.8,48.48,484,230,133,28,0.4,3.3,4.7,0.5,0,11,90,88,49,51,43,38,50,99,50,50,28,56,71,50
24,MD,38,26,2.97,36.6,12.5,35.2,0.26,2.71,6042718,-5.6,3/1/2020,8.53,21,84342,29.3,9.8,48.48,484,230,133,28,0.4,3.3,4.7,0.3,0,18,90,88,48,51,42,38,48,99,50,50,28,56,53,50
24,MD,15,18,3.58,37.6,12.1,36.8,0.74,2.84,6042718,-1.1,3/2/2020,8.53,21,84342,29.3,9.8,48.48,484,230,133,28,0.4,3.3,4.7,0.3,0,49,90,90,45,50,39,38,48,99,50,50,28,56,74,50
24,MD,14,17,3.62,37.9,12.3,36.2,0.74,2.88,6042718,0.3,3/3/2020,8.53,21,84342,29.3,9.8,48.48,484,230,133,28,0.4,3.3,4.7,0.3,0,39,92,90,44,49,37,28,48,99,50,50,28,56,90,50
24,MD,13,17,3.75,37.8,12.4,37.2,0.76,2.99,6042718,4.1,3/4/2020,8.53,21,84342,29.3,9.8,48.48,484,230,133,28,0.4,3.3,4.7,0.3,0,73,91,90,44,48,37,28,37,99,49,49,28,56,50,49
24,MD,13,17,3.74,38.1,12.4,39.4,0.76,2.98,6042718,3.8,3/5/2020,8.53,21,84342,29.3,9.8,48.48,484,230,133,28,0.4,3.3,4.7,0.3,0,58,89,90,44,47,33,28,34,99,49,49,28,56,74,49
24,MD,13,17,3.74,38.5,12.8,40.8,0.69,3.05,6042718,6.2,3/6/2020,8.53,21,84342,29.3,9.8,48.48,484,230,133,28,0.4,3.3,4.7,0.3,0,44,90,90,90,45,76,28,75,99,48,48,28,56,88,49
24,MD,26,22,3.43,37.6,12.5,36.4,0.31,3.12,6042718,8.7,3/7/2020,8.53,21,84342,29.3,9.8,48.48,484,230,133,28,0.4,3.3,4.7,0.3,0,15,90,88,85,44,73,28,59,99,48,48,28,56,57,49
24,MD,38,26,3,36.7,12.6,34.7,0.26,2.74,6042718,-4.6,3/8/2020,8.53,21,84342,29.3,9.8,48.48,484,230,133,28,0.6,3.3,7.2,0.3,0,17,90,88,82,40,69,28,47,99,48,48,28,61,45,48
24,MD,15,18,3.59,37.8,12.2,37.1,0.72,2.87,6042718,0,3/9/2020,8.53,21,84342,29.3,9.8,48.48,484,230,133,28,0.6,3.3,7.2,0.3,0,59,92,90,54,37,69,28,41,99,47,47,28,61,53,48
24,MD,16,18,3.56,38.2,12.3,35.3,0.73,2.83,6042718,-1.4,3/10/2020,8.53,21,84342,29.3,9.8,48.48,484,230,133,28,0.6,3.3,7.2,0.3,0,25,92,90,72,69,67,81,43,99,46,46,28,61,88,47
24,MD,14,17,3.62,38.2,12.2,36.2,0.74,2.88,6042718,0.3,3/11/2020,8.53,21,84342,29.3,9.8,48.48,484,230,133,28,0.6,3.3,7.2,0.3,0,46,92,90,45,57,60,81,49,99,45,45,28,61,91,46
24,MD,14,18,3.67,37.6,12,37.8,0.72,2.95,6042718,2.7,3/12/2020,8.53,21,84342,29.3,9.8,48.48,484,230,133,28,0.6,3.3,7.2,0.3,0,52,90,90,44,44,56,81,53,99,43,43,28,61,71,45
24,MD,14,18,3.8,37.2,11.9,38.8,0.68,3.11,6042718,8.3,3/13/2020,8.53,21,84342,29.3,9.8,48.48,484,230,133,28,0.6,3.3,7.2,0.3,0,46,90,88,56,77,55,81,67,99,39,39,28,61,59,44
24,MD,37,26,3.21,35.3,11.5,30.7,0.3,2.91,6042718,1.3,3/14/2020,8.53,21,84342,29.3,9.8,48.48,484,230,133,28,0.6,3.3,7.2,0.3,0,23,90,88,40,80,51,81,84,99,38,38,28,61,55,40
24,MD,55,34,2.58,34.2,11.4,27.1,0.24,2.33,6042718,-18.9,3/15/2020,8.53,21,84342,29.3,9.8,48.48,484,230,133,28,6.9,4.3,25.4,0.3,0,7,90,88,43,70,52,81,84,99,34,34,23,4,96,39
24,MD,32,25,3.23,36.7,11.5,30.9,0.62,2.61,6042718,-9.1,3/16/2020,8.53,21,84342,29.3,9.8,48.48,484,230,133,28,6.9,4.3,25.4,0.3,0,10,90,90,56,93,50,81,84,100,69,61,23,4,84,35
24,MD,41,29,2.99,36.8,11.5,28.1,0.57,2.41,6042718,-16.1,3/17/2020,8.53,21,84342,29.3,9.8,48.48,484,230,133,28,6.9,4.3,25.4,0.3,0,13,90,90,59,92,50,75,90,100,67,59,23,4,82,33
24,MD,42,29,2.98,36.6,11.4,27.5,0.56,2.42,6042718,-15.7,3/18/2020,8.53,21,84342,29.3,9.8,48.48,484,230,133,28,6.9,4.3,25.4,0.3,0,12,90,90,65,89,50,75,94,100,69,59,23,4,88,33
24,MD,43,30,2.98,36.2,11.1,26.8,0.54,2.43,6042718,-15.4,3/19/2020,8.53,21,84342,29.3,9.8,48.48,484,230,133,28,6.9,4.3,25.4,0.3,0.26,21,90,90,50,90,50,75,94,100,65,52,23,4,67,57
24,MD,40,28,3.12,35.6,10.8,27.4,0.5,2.61,6042718,-9.1,3/20/2020,8.53,21,84342,29.3,9.8,48.48,484,230,133,28,6.9,4.3,25.4,0.3,0.23,18,90,88,47,92,50,75,96,100,57,51,23,4,58,49
24,MD,59,36,2.64,32.6,10.2,21.3,0.27,2.37,6042718,-17.5,3/21/2020,8.53,21,84342,29.3,9.8,48.48,484,230,133,28,6.9,4.3,25.4,0.3,0.43,11,90,88,51,92,51,75,96,100,61,50,23,4,71,60
24,MD,70,43,2.21,30.8,9.9,17.7,0.22,1.99,6042718,-30.7,3/22/2020,8.53,21,84342,29.3,9.8,48.48,484,230,133,28,13.8,6.3,35.8,0.3,0.6,15,92,88,52,91,49,75,98,98,49,45,20,6,74,63
24,MD,57,36,2.54,36.1,10.7,21.7,0.47,2.07,6042718,-27.9,3/23/2020,8.53,21,84342,29.3,9.8,48.48,484,230,133,28,13.8,6.3,35.8,0.3,0.59,15,90,90,53,92,49,75,96,94,47,46,20,6,86,51
24,MD,56,36,2.63,35.4,10.9,22.2,0.47,2.16,6042718,-24.8,3/24/2020,8.53,21,84342,29.3,9.8,48.48,484,230,133,28,13.8,6.3,35.8,0.3,0.72,19,92,90,38,92,49,73,98,94,47,49,20,6,81,53
24,MD,61,39,2.42,36,11.1,21,0.46,1.96,6042718,-31.7,3/25/2020,8.53,21,84342,29.3,9.8,48.48,484,230,133,28,13.8,6.3,35.8,0.3,0.65,8,91,90,39,92,49,73,100,94,53,54,20,6,92,45
24,MD,54,35,2.75,34.9,10.5,22.3,0.47,2.28,6042718,-20.6,3/26/2020,8.53,21,84342,29.3,9.8,48.48,484,230,133,28,13.8,6.3,35.8,0.3,0.53,20,90,88,57,92,49,73,100,94,65,63,20,6,75,31
24,MD,52,33,2.83,34.8,10.4,22.8,0.45,2.38,6042718,-17.1,3/27/2020,8.53,21,84342,29.3,9.8,48.48,484,230,133,28,13.8,6.3,35.8,0.3,0.55,21,90,88,63,92,49,73,100,94,67,69,20,6,69,21
24,MD,70,42,2.26,31.2,9.4,16.1,0.24,2.01,6042718,-30,3/28/2020,8.53,21,84342,29.3,9.8,48.48,484,230,133,28,13.8,6.3,35.8,0.3,0.46,14,90,88,67,92,49,73,53,94,69,69,20,6,86,16
24,MD,74,45,2.1,29.5,9.1,14.9,0.2,1.89,6042718,-34.2,3/29/2020,8.53,21,84342,29.3,9.8,48.48,484,230,133,28,17.8,8.9,37.8,0.3,0.77,26,90,88,75,92,49,73,57,96,73,69,20,8,68,16
24,MD,52,33,2.84,34.5,10.1,21.8,0.45,2.39,6042718,-16.8,3/30/2020,8.53,21,84342,29.3,9.8,48.48,484,230,133,28,17.8,8.9,37.8,0.3,1.03,46,90,88,73,92,49,73,61,96,73,69,20,8,38,18
24,MD,65,42,2.36,34.9,10.6,19.2,0.43,1.93,6042718,-32.8,3/31/2020,8.53,21,84342,29.3,9.8,48.48,484,230,133,28,17.8,8.9,37.8,0.3,1.11,6,90,90,63,92,49,71,63,96,76,69,20,8,92,16
24,MD,62,40,2.5,34.4,10.3,19.7,0.44,2.07,6042718,-27.9,4/1/2020,8.53,21,84342,29.3,9.8,48.48,484,230,133,28,17.8,8.9,37.8,-0.3,1.64,9,90,90,61,92,49,71,63,96,78,69,20,8,92,29
24,MD,62,39,2.52,34.4,10.4,19.6,0.43,2.08,6042718,-27.6,4/2/2020,8.53,21,84342,29.3,9.8,48.48,484,230,133,28,17.8,8.9,37.8,-0.3,1.68,10,90,88,63,92,50,71,65,96,80,69,20,8,84,25
24,MD,57,36,2.72,34.1,10,21,0.43,2.29,6042718,-20.2,4/3/2020,8.53,21,84342,29.3,9.8,48.48,484,230,133,28,17.8,8.9,37.8,-0.3,1.74,12,90,88,76,92,50,71,65,94,86,71,20,8,78,24
24,MD,70,43,2.32,30,8.8,15.3,0.24,2.08,6042718,-27.6,4/4/2020,8.53,21,84342,29.3,9.8,48.48,484,230,133,28,17.8,8.9,37.8,-0.3,1.96,9,90,88,67,92,50,71,69,94,88,75,20,8,90,27
24,MD,76,47,2.07,28.2,8.4,13.3,0.2,1.88,6042718,-34.5,4/5/2020,8.53,21,84342,29.3,9.8,48.48,484,230,133,28,10.1,9.9,40.2,-0.3,2.07,12,87,88,76,92,50,71,69,94,88,75,16,7,84,25
24,MD,61,39,2.57,33.9,10,19.6,0.42,2.15,6042718,-25.1,4/6/2020,8.53,21,84342,29.3,9.8,48.48,484,230,133,28,10.1,9.9,40.2,-0.3,2.47,14,90,88,75,92,51,71,75,94,86,76,16,7,86,47
24,MD,62,40,2.51,34.7,10.2,19.5,0.42,2.1,6042718,-26.9,4/7/2020,8.53,21,84342,29.3,9.8,48.48,484,230,133,28,10.1,9.9,40.2,-0.3,2.53,10,91,90,75,92,53,68,75,94,84,78,16,7,92,49
24,MD,60,38,2.6,34.2,10.1,19.8,0.42,2.18,6042718,-24.1,4/8/2020,8.53,21,84342,29.3,9.8,48.48,484,230,133,28,10.1,9.9,40.2,-0.3,2.35,10,90,88,80,92,52,68,76,94,84,80,16,7,84,41
24,MD,61,39,2.53,34.9,10.3,20.4,0.41,2.12,6042718,-26.2,4/9/2020,8.53,21,84342,29.3,9.8,48.48,484,230,133,28,10.1,9.9,40.2,-0.3,2.28,15,88,88,80,92,58,68,76,94,86,80,16,7,80,35
24,MD,59,37,2.6,34.5,10.1,20.5,0.39,2.21,6042718,-23,4/10/2020,8.53,21,84342,29.3,9.8,48.48,484,230,133,28,10.1,9.9,40.2,-0.3,2.43,13,90,88,88,92,62,68,76,94,86,80,16,7,92,41
24,MD,66,39,2.49,30.8,8.8,16.5,0.23,2.25,6042718,-21.6,4/11/2020,8.53,21,84342,29.3,9.8,48.48,484,230,133,28,10.1,9.9,40.2,-0.3,2.53,10,88,88,82,92,64,68,76,94,88,80,16,7,85,45
24,MD,80,50,1.88,28.9,8.5,11.8,0.17,1.7,6042718,-40.8,4/12/2020,8.53,21,84342,29.3,9.8,48.48,484,230,133,28,7.7,10.1,41.8,-0.3,2.58,13,92,90,80,92,71,68,76,94,88,80,12,2,75,49
24,MD,67,42,2.31,33.9,10,17.6,0.38,1.93,6042718,-32.8,4/13/2020,8.53,21,84342,29.3,9.8,48.48,484,230,133,28,7.7,10.1,41.8,-0.3,2.49,13,88,88,78,92,69,68,76,94,88,80,12,2,86,53
24,MD,59,37,2.61,34.9,10.3,20.5,0.42,2.19,6042718,-23.7,4/14/2020,8.53,21,84342,29.3,9.8,48.48,484,230,133,28,7.7,10.1,41.8,-0.3,2.76,11,88,89,82,92,75,68,76,94,88,82,12,2,88,53
24,MD,57,37,2.67,35,10.3,21.3,0.41,2.25,6042718,-21.6,4/15/2020,8.53,21,84342,29.3,9.8,48.48,484,230,133,28,7.7,10.1,41.8,-0.3,2.74,12,88,88,82,92,75,68,77,94,90,82,12,2,87,47
24,MD,57,37,2.64,35.6,10.6,21.6,0.41,2.22,6042718,-22.7,4/16/2020,8.53,21,84342,29.3,9.8,48.48,484,230,133,28,7.7,10.1,41.8,-0.3,2.62,14,89,88,82,92,75,68,78,94,90,82,12,2,82,39
24,MD,54,34,2.76,35.1,10.4,22.1,0.4,2.35,6042718,-18.2,4/17/2020,8.53,21,84342,29.3,9.8,48.48,484,230,133,28,7.7,10.1,41.8,-0.3,2.52,13,88,88,84,92,75,68,80,94,90,82,12,2,84,36
24,MD,67,40,2.39,32.1,9.4,16.8,0.23,2.16,6042718,-24.8,4/18/2020,8.53,21,84342,29.3,9.8,48.48,484,230,133,28,7.7,10.1,41.8,-0.3,2.9,14,88,88,82,94,76,68,80,94,90,82,12,2,88,48
24,MD,72,44,2.18,30.4,8.8,15.4,0.19,1.99,6042718,-30.7,4/19/2020,8.53,21,84342,29.3,9.8,48.48,484,230,133,28,6,9.8,41.4,-0.3,2.95,11,88,88,80,92,77,68,80,94,90,82,8,2,78,47
24,MD,59,37,2.61,35,10.3,19.9,0.4,2.2,6042718,-23.4,4/20/2020,8.53,21,84342,29.3,9.8,48.48,484,230,133,28,6,9.8,41.4,-0.3,3.38,10,88,88,86,94,50,68,80,94,90,82,8,2,90,69
24,MD,58,37,2.65,34.8,10.4,20.5,0.41,2.23,6042718,-22.3,4/21/2020,8.53,21,84342,29.3,9.8,48.48,484,230,133,28,6,9.8,41.4,-0.3,3.54,14,88,89,84,94,48,92,80,94,90,82,8,2,84,71
24,MD,54,35,2.76,34.9,10.4,22,0.41,2.34,6042718,-18.5,4/22/2020,8.53,21,84342,29.3,9.8,48.48,484,230,133,28,6,9.8,41.4,-0.3,3.56,12,90,88,84,94,71,92,79,94,90,84,8,2,78,75
24,MD,57,36,2.62,35.5,10.6,21.5,0.41,2.21,6042718,-23,4/23/2020,8.53,21,84342,29.3,9.8,48.48,484,230,133,28,6,9.8,41.4,-0.3,3.51,10,90,88,82,94,67,92,79,96,90,84,8,2,90,73
24,MD,56,35,2.66,35.1,10.4,21.7,0.39,2.27,6042718,-20.9,4/24/2020,8.53,21,84342,29.3,9.8,48.48,484,230,133,28,6,9.8,41.4,-0.3,3.48,11,88,88,84,94,66,92,78,96,90,84,8,2,88,71
24,MD,60,35,2.67,32.2,9.5,19.4,0.23,2.44,6042718,-15,4/25/2020,8.53,21,84342,29.3,9.8,48.48,484,230,133,28,6,9.8,41.4,-0.3,3.48,10,88,88,86,92,70,92,80,96,90,84,8,2,83,75
24,MD,76,46,2.02,29.9,9.1,13.8,0.19,1.83,6042718,-36.3,4/26/2020,8.53,21,84342,29.3,9.8,48.48,484,230,133,28,10.8,10.3,41.4,-0.3,3.35,6,79,88,82,94,68,92,80,96,90,84,24,2,88,73
24,MD,57,36,2.63,35.1,10.5,20.9,0.4,2.24,6042718,-22,4/27/2020,8.53,21,84342,29.3,9.8,48.48,484,230,133,28,10.8,10.3,41.4,-0.3,3.19,11,90,90,84,94,71,92,76,96,92,84,24,2,84,71
24,MD,55,35,2.7,35.6,10.6,22,0.41,2.29,6042718,-20.2,4/28/2020,8.53,21,84342,29.3,9.8,48.48,484,230,133,28,10.8,10.3,41.4,-0.3,3.21,10,88,90,80,94,68,88,78,96,92,84,24,2,96,76
24,MD,52,33,2.85,34.9,10.4,22.9,0.41,2.44,6042718,-15,4/29/2020,8.53,21,84342,29.3,9.8,48.48,484,230,133,28,10.8,10.3,41.4,-0.3,3.18,12,88,88,80,94,74,88,79,96,92,84,24,2,75,75
24,MD,60,38,2.49,35.8,10.9,21.4,0.39,2.11,6042718,-26.5,4/30/2020,8.53,21,84342,29.3,9.8,48.48,484,230,133,28,10.8,10.3,41.4,-0.3,3.12,6,90,88,80,94,75,88,80,96,92,84,24,2,94,76
24,MD,47,31,2.98,34.9,10.5,24.8,0.39,2.59,6042718,-9.8,5/1/2020,8.53,21,84342,29.3,9.8,48.48,484,230,133,28,10.8,10.3,41.4,-0.5,2.66,11,88,88,84,94,75,88,80,96,92,84,24,2,86,63
24,MD,52,32,2.94,32.9,9.7,22.3,0.24,2.7,6042718,-6,5/2/2020,8.53,21,84342,29.3,9.8,48.48,484,230,133,28,10.8,10.3,41.4,-0.5,3.09,16,87,88,84,94,75,88,81,96,92,84,24,2,76,73
24,MD,69,41,2.3,30.5,9.2,17,0.2,2.11,6042718,-26.5,5/3/2020,8.53,21,84342,29.3,9.8,48.48,484,230,133,28,7.4,9.9,42.6,-0.5,3.19,5,80,88,88,92,73,88,80,96,92,84,33,2,94,73
24,MD,51,33,2.88,34.6,10.4,23,0.4,2.48,6042718,-13.6,5/4/2020,8.53,21,84342,29.3,9.8,48.48,484,230,133,28,7.4,9.9,42.6,-0.5,3.25,10,88,88,84,94,71,88,82,96,92,84,33,2,84,71
24,MD,51,32,2.86,35.2,10.6,22.4,0.4,2.46,6042718,-14.3,5/5/2020,8.53,21,84342,29.3,9.8,48.48,484,230,133,28,7.4,9.9,42.6,-0.5,3.38,9,88,88,88,94,73,83,82,96,92,84,33,2,92,73
24,MD,56,36,2.62,36.1,11.1,22.6,0.39,2.23,6042718,-22.3,5/6/2020,8.53,21,84342,29.3,9.8,48.48,484,230,133,28,7.4,9.9,42.6,-0.5,3.38,7,90,90,86,94,70,83,84,98,94,84,33,2,94,73
24,MD,47,31,2.98,35.3,10.7,24.7,0.4,2.58,6042718,-10.1,5/7/2020,8.53,21,84342,29.3,9.8,48.48,484,230,133,28,7.4,9.9,42.6,-0.5,3.41,10,88,88,86,94,69,83,86,98,94,86,33,2,85,73
24,MD,47,31,2.91,36.2,11.1,25.3,0.38,2.53,6042718,-11.9,5/8/2020,8.53,21,84342,29.3,9.8,48.48,484,230,133,28,7.4,9.9,42.6,-0.5,3.43,8,88,88,88,94,72,83,87,98,94,86,33,2,92,69
24,MD,54,32,2.77,33.4,10.2,22.7,0.22,2.55,6042718,-11.2,5/9/2020,8.53,21,84342,29.3,9.8,48.48,484,230,133,28,7.4,9.9,42.6,-0.5,3.46,10,88,88,86,94,78,83,88,98,94,86,33,2,88,70
24,MD,59,34,2.59,32.9,9.9,20.5,0.19,2.4,6042718,-16.4,5/10/2020,8.53,21,84342,29.3,9.8,48.48,484,230,133,28,5.7,9.8,43.4,-0.5,3.43,14,84,88,90,94,78,83,90,98,94,88,29,2,75,69
24,MD,53,34,2.72,36,11,23.7,0.39,2.33,6042718,-18.9,5/11/2020,8.53,21,84342,29.3,9.8,48.48,484,230,133,28,5.7,9.8,43.4,-0.5,3.45,10,90,88,92,94,81,83,90,98,94,88,29,2,90,71
24,MD,51,32,2.82,35.8,11,24,0.39,2.43,6042718,-15.4,5/12/2020,8.53,21,84342,29.3,9.8,48.48,484,230,133,28,5.7,9.8,43.4,-0.5,3.55,8,88,88,92,94,65,81,90,98,94,86,29,2,92,73
24,MD,47,30,2.96,35.6,10.8,25.3,0.39,2.57,6042718,-10.5,5/13/2020,8.53,21,84342,29.3,9.8,48.48,484,230,133,28,5.7,9.8,43.4,-0.5,3.6,9,88,89,84,94,59,81,92,98,94,86,29,2,88,72
24,MD,47,31,2.94,35.8,10.9,26.1,0.39,2.55,6042718,-11.2,5/14/2020,8.53,21,84342,29.3,9.8,48.48,484,230,133,28,5.7,9.8,43.4,-0.5,3.63,8,88,88,86,94,55,81,92,98,94,87,29,2,86,71
24,MD,39,27,3.2,35.6,11,28.6,0.38,2.82,6042718,-1.8,5/15/2020,8.53,21,84342,29.3,9.8,48.48,484,230,133,28,5.7,9.8,43.4,-0.5,3.64,10,88,88,88,94,43,81,94,98,94,88,29,2,82,71
24,MD,47,30,3.03,34.2,10.5,25.6,0.23,2.8,6042718,-2.5,5/16/2020,8.53,21,84342,29.3,9.8,48.48,484,230,133,28,5.7,9.8,43.4,-0.5,3.66,14,90,88,90,94,41,81,94,98,94,88,29,2,71,71
24,MD,63,37,2.45,32.7,10.2,21.3,0.19,2.26,6042718,-21.3,5/17/2020,8.53,21,84342,29.3,9.8,48.48,484,230,133,28,5.5,9.6,44,-0.5,3.65,11,85,88,90,94,36,81,94,98,94,88,24,2,86,71
24,MD,49,32,2.85,35.8,10.9,25,0.39,2.46,6042718,-14.3,5/18/2020,8.53,21,84342,29.3,9.8,48.48,484,230,133,28,5.5,9.6,44,-0.5,3.64,9,88,90,88,94,36,81,94,98,94,88,24,2,92,71
24,MD,46,30,2.94,36.2,11,25.5,0.4,2.54,6042718,-11.5,5/19/2020,8.53,21,84342,29.3,9.8,48.48,484,230,133,28,5.5,9.6,44,-0.5,3.6,8,88,90,100,94,75,81,94,98,94,88,24,2,94,69
24,MD,45,30,2.97,36.1,11.1,26.2,0.39,2.58,6042718,-10.1,5/20/2020,8.53,21,84342,29.3,9.8,48.48,484,230,133,28,5.5,9.6,44,-0.5,3.63,8,88,90,96,94,69,81,94,98,94,88,24,2,92,69
24,MD,43,29,3.03,36.3,11.3,28.1,0.39,2.64,6042718,-8.1,5/21/2020,8.53,21,84342,29.3,9.8,48.48,484,230,133,28,5.5,9.6,44,-0.5,3.61,8,88,88,96,96,72,81,94,98,96,88,24,2,94,67
24,MD,42,29,3,36.2,11.6,30.2,0.36,2.64,6042718,-8.1,5/22/2020,8.53,21,84342,29.3,9.8,48.48,484,230,133,28,5.5,9.6,44,-0.5,3.64,8,88,88,92,96,72,81,94,100,96,88,24,2,96,67
24,MD,45,28,3.08,34.3,10.8,27.5,0.22,2.86,6042718,-0.4,5/23/2020,8.53,21,84342,29.3,9.8,48.48,484,230,133,28,5.5,9.6,44,-0.5,3.63,14,86,86,94,98,77,81,96,100,96,88,24,2,71,65
24,MD,58,34,2.61,33.2,10.5,22.1,0.18,2.42,6042718,-15.7,5/24/2020,8.53,21,84342,29.3,9.8,48.48,484,230,133,28,5.2,9.3,49,-0.5,3.64,7,82,86,96,94,73,81,96,100,96,88,30,2,92,70
24,MD,56,34,2.65,33.5,10.9,25.6,0.21,2.44,6042718,-15,5/25/2020,8.53,21,84342,29.3,9.8,48.48,484,230,133,28,5.2,9.3,49,-0.5,3.62,14,82,88,96,96,72,81,94,100,96,88,30,2,70,66
24,MD,42,29,3.04,36.1,11.1,29,0.39,2.66,6042718,-7.4,5/26/2020,8.53,21,84342,29.3,9.8,48.48,484,230,133,28,5.2,9.3,49,-0.5,3.61,8,88,90,90,96,44,81,94,100,96,89,30,2,90,67
24,MD,41,28,3.08,36,10.9,30.3,0.39,2.69,6042718,-6.3,5/27/2020,8.53,21,84342,29.3,9.8,48.48,484,230,133,28,5.2,9.3,49,-0.5,3.62,8,88,88,92,96,41,81,94,100,96,90,30,2,87,67
24,MD,44,30,2.95,36.4,11.4,30.2,0.38,2.56,6042718,-10.8,5/28/2020,8.53,21,84342,29.3,9.8,48.48,484,230,133,28,5.2,9.3,49,-0.5,3.57,8,88,88,96,98,38,81,94,100,98,90,30,2,96,66
24,MD,35,27,3.22,36.2,11.3,33.7,0.37,2.85,6042718,-0.7,5/29/2020,8.53,21,84342,29.3,9.8,48.48,484,230,133,28,5.2,9.3,49,-0.5,3.54,8,88,88,100,98,27,81,94,100,98,90,30,2,90,67
24,MD,41,28,3.15,34.8,11,30.5,0.22,2.93,6042718,2,5/30/2020,8.53,21,84342,29.3,9.8,48.48,484,230,133,28,5.2,9.3,49,-0.5,3.53,14,88,88,100,98,22,81,94,100,98,90,30,2,76,65
24,MD,52,32,2.75,34,11,28.3,0.19,2.56,6042718,-10.8,5/31/2020,8.53,21,84342,29.3,9.8,48.48,484,230,133,28,6.8,9.1,44.8,-0.5,3.51,11,86,87,100,96,19,81,94,100,100,90,34,2,71,66
24,MD,40,28,3.09,35.8,10.8,31,0.38,2.71,6042718,-5.6,6/1/2020,8.53,21,84342,29.3,9.8,48.48,484,230,133,28,6.8,9.1,44.8,0.1,3.5,10,88,88,96,100,17,81,94,100,98,90,34,2,86,67
24,MD,40,28,3.12,36,10.9,29.5,0.39,2.73,6042718,-4.9,6/2/2020,8.53,21,84342,29.3,9.8,48.48,484,230,133,28,6.8,9.1,44.8,0.1,3.51,8,88,90,96,100,75,81,95,100,100,90,34,2,86,67
24,MD,39,27,3.12,36.3,11.2,30.5,0.39,2.73,6042718,-4.9,6/3/2020,8.53,21,84342,29.3,9.8,48.48,484,230,133,28,6.8,9.1,44.8,0.1,3.51,8,88,90,96,100,75,81,95,100,100,90,34,2,88,67
24,MD,38,27,3.12,36.7,11.4,32.3,0.38,2.73,6042718,-4.9,6/4/2020,8.53,21,84342,29.3,9.8,48.48,484,230,133,28,6.8,9.1,44.8,0.1,3.49,8,88,88,100,100,74,81,96,100,100,90,34,2,91,65
24,MD,34,25,3.21,36.6,11.7,33.9,0.37,2.85,6042718,-0.7,6/5/2020,8.53,21,84342,29.3,9.8,48.48,484,230,133,28,6.8,9.1,44.8,0.1,3.48,8,88,88,96,100,48,81,96,100,100,90,34,2,90,66
24,MD,38,26,3.21,35,11.4,32.1,0.22,2.99,6042718,4.1,6/6/2020,8.53,21,84342,29.3,9.8,48.48,484,230,133,28,6.8,9.1,44.8,0.1,3.49,16,84,86,98,100,45,81,96,100,100,90,34,2,71,67
24,MD,49,30,2.83,34.7,11.5,29.3,0.18,2.65,6042718,-7.7,6/7/2020,8.53,21,84342,29.3,9.8,48.48,484,230,133,28,3.8,8.3,46.4,0.1,3.46,16,85,86,96,98,40,81,95,100,100,90,35,2,61,67
24,MD,38,27,3.11,36.2,11.3,31.7,0.38,2.73,6042718,-4.9,6/8/2020,8.53,21,84342,29.3,9.8,48.48,484,230,133,28,3.8,8.3,46.4,0.1,3.47,10,88,88,84,100,36,81,94,100,100,90,35,2,80,68
24,MD,36,26,3.17,36.8,11.3,32.1,0.38,2.79,6042718,-2.8,6/9/2020,8.53,21,84342,29.3,9.8,48.48,484,230,133,28,3.8,8.3,46.4,0.1,3.48,8,88,90,80,100,34,81,94,100,100,90,35,2,88,69
24,MD,37,27,3.15,36.4,11.4,32.4,0.38,2.78,6042718,-3.2,6/10/2020,8.53,21,84342,29.3,9.8,48.48,484,230,133,28,3.8,8.3,46.4,0.1,3.48,8,88,88,82,100,30,81,95,100,100,92,35,2,90,69
24,MD,38,27,3.12,36.8,11.8,32.7,0.37,2.74,6042718,-4.6,6/11/2020,8.53,21,84342,29.3,9.8,48.48,484,230,133,28,3.8,8.3,46.4,0.1,3.48,9,88,88,90,100,30,81,95,100,100,92,35,2,86,68
24,MD,28,23,3.43,36.7,11.7,36,0.36,3.07,6042718,6.9,6/12/2020,8.53,21,84342,29.3,9.8,48.48,484,230,133,28,3.8,8.3,46.4,0.1,3.5,8,88,88,82,100,29,81,94,100,100,92,35,2,78,72
24,MD,33,25,3.33,35.6,11.9,35.1,0.22,3.11,6042718,8.3,6/13/2020,8.53,21,84342,29.3,9.8,48.48,484,230,133,28,3.8,8.3,46.4,0.1,3.5,17,83,86,84,100,27,81,95,100,100,88,35,2,64,70
24,MD,48,33,2.91,35.2,12.6,33.3,0.18,2.73,6042718,-4.9,6/14/2020,8.53,21,84342,29.3,9.8,48.48,484,230,133,28,5.3,8.4,46.1,0.1,3.49,8,78,86,78,100,25,81,96,100,98,88,35,2,82,69
24,MD,45,31,2.87,36.5,12.2,31.4,0.38,2.49,6042718,-13.3,6/15/2020,8.53,21,84342,29.3,9.8,48.48,484,230,133,28,5.3,8.4,46.1,0.1,3.48,10,89,90,80,100,24,81,95,100,96,88,35,2,70,69
24,MD,40,29,3.18,35.5,11.3,31.1,0.38,2.81,6042718,-2.1,6/16/2020,8.53,21,84342,29.3,9.8,48.48,484,230,133,28,5.3,8.4,46.1,0.1,3.51,8,90,90,71,100,20,81,94,100,98,86,35,2,80,69
24,MD,42,30,3.07,36.3,11.6,31.6,0.38,2.69,6042718,-6.3,6/17/2020,8.53,21,84342,29.3,9.8,48.48,484,230,133,28,5.3,8.4,46.1,0.1,3.5,4,92,90,69,100,19,81,96,100,98,84,35,2,92,69
24,MD,40,29,3.13,35.5,11.5,32.7,0.38,2.75,6042718,-4.2,6/18/2020,8.53,21,84342,29.3,9.8,48.48,484,230,133,28,5.3,8.4,46.1,0.1,3.52,8,84,88,65,100,19,81,96,100,96,84,35,2,92,68
24,MD,36,28,3.27,35.6,12,35.5,0.36,2.9,6042718,1,6/19/2020,8.53,21,84342,29.3,9.8,48.48,484,230,133,28,5.3,8.4,46.1,0.1,3.55,8,85,88,57,100,18,81,96,100,98,84,35,2,91,69
24,MD,41,30,3.11,35.6,12.5,35.4,0.22,2.89,6042718,0.6,6/20/2020,8.53,21,84342,29.3,9.8,48.48,484,230,133,28,5.3,8.4,46.1,0.1,3.57,8,73,86,51,96,16,81,96,100,98,84,35,2,88,69
24,MD,44,30,3,36.2,12.6,34.6,0.19,2.81,6042718,-2.1,6/21/2020,8.53,21,84342,29.3,9.8,48.48,484,230,133,28,3.6,8.1,45.8,0.1,3.58,8,75,86,59,98,16,81,98,100,98,84,31,2,76,69
24,MD,44,31,2.95,35.5,11.6,32,0.38,2.57,6042718,-10.5,6/22/2020,8.53,21,84342,29.3,9.8,48.48,484,230,133,28,3.6,8.1,45.8,0.1,3.59,6,92,90,55,100,14,81,98,100,98,84,31,2,92,71
24,MD,38,28,3.24,35.2,11.2,32.4,0.38,2.86,6042718,-0.4,6/23/2020,8.53,21,84342,29.3,9.8,48.48,484,230,133,28,3.6,8.1,45.8,0.1,3.62,6,86,90,61,100,10,75,98,100,92,84,31,2,82,71
24,MD,40,29,3.12,36,11.4,33,0.38,2.74,6042718,-4.6,6/24/2020,8.53,21,84342,29.3,9.8,48.48,484,230,133,28,3.6,8.1,45.8,0.1,3.64,2,89,88,57,100,10,75,96,100,96,82,31,2,92,71
24,MD,38,29,3.18,35.2,11.4,34.2,0.38,2.81,6042718,-2.1,6/25/2020,8.53,21,84342,29.3,9.8,48.48,484,230,133,28,3.6,8.1,45.8,0.1,3.68,4,82,88,57,94,8,75,96,100,96,80,31,2,82,71
24,MD,34,27,3.33,35.3,12,37.1,0.37,2.96,6042718,3.1,6/26/2020,8.53,21,84342,29.3,9.8,48.48,484,230,133,28,3.6,8.1,45.8,0.1,3.72,6,79,88,39,92,8,75,96,100,96,80,31,2,84,71
24,MD,40,29,2.99,37.7,13.3,38,0.22,2.76,6042718,-3.9,6/27/2020,8.53,21,84342,29.3,9.8,48.48,484,230,133,28,3.6,8.1,45.8,0.1,3.75,14,78,86,39,88,4,75,96,100,92,80,31,2,63,71
24,MD,48,32,2.78,36.5,13,35.1,0.19,2.6,6042718,-9.5,6/28/2020,8.53,21,84342,29.3,9.8,48.48,484,230,133,28,5.4,8.1,49.4,0.1,3.78,11,78,86,41,88,4,75,96,100,88,80,35,2,67,71
24,MD,49,32,2.74,35.8,12,30.5,0.38,2.36,6042718,-17.8,6/29/2020,8.53,21,84342,29.3,9.8,48.48,484,230,133,28,5.4,8.1,49.4,0.1,3.8,10,82,86,47,92,56,75,96,100,88,78,35,2,57,71
24,MD,41,28,2.91,37.5,12.4,32.8,0.38,2.52,6042718,-12.2,6/30/2020,8.53,21,84342,29.3,9.8,48.48,484,230,133,28,5.4,8.1,49.4,0.1,3.84,9,86,88,49,92,14,72,96,100,85,78,35,2,61,71
24,MD,36,28,3.23,35.8,11.8,35.4,0.38,2.85,6042718,-0.7,7/1/2020,8.53,21,84342,29.3,9.8,48.48,484,230,133,28,5.4,8.1,49.4,0.5,3.89,9,85,88,49,90,58,72,96,100,88,76,35,2,73,71
24,MD,29,26,3.53,35.3,11.8,40.4,0.38,3.15,6042718,9.7,7/2/2020,8.53,21,84342,29.3,9.8,48.48,484,230,133,28,5.4,8.1,49.4,0.5,3.84,9,78,86,51,86,55,72,96,100,90,80,35,2,76,71
24,MD,34,28,3.48,34.1,11.9,39.9,0.22,3.26,6042718,13.5,7/3/2020,8.53,21,84342,29.3,9.8,48.48,484,230,133,28,5.4,8.1,49.4,0.5,3.79,13,76,86,47,84,53,72,96,100,86,80,35,2,76,71
24,MD,44,31,3.04,34.4,12.3,34.7,0.22,2.82,6042718,-1.8,7/4/2020,8.53,21,84342,29.3,9.8,48.48,484,230,133,28,5.4,8.1,49.4,0.5,3.76,17,80,86,49,84,57,72,96,100,86,80,35,2,66,71
24,MD,48,34,2.82,35.4,13.2,39.3,0.19,2.63,6042718,-8.4,7/5/2020,8.53,21,84342,29.3,9.8,48.48,484,230,133,28,3.1,7.6,45.7,0.5,3.75,14,71,86,43,78,62,72,96,100,86,78,32,2,67,71
24,MD,43,30,2.75,37.7,12.9,35.7,0.38,2.37,6042718,-17.5,7/6/2020,8.53,21,84342,29.3,9.8,48.48,484,230,133,28,3.1,7.6,45.7,0.5,3.74,8,84,88,35,82,19,72,96,100,86,76,32,2,80,71
24,MD,39,29,3.08,36.6,11.9,34.5,0.38,2.7,6042718,-6,7/7/2020,8.53,21,84342,29.3,9.8,48.48,484,230,133,28,3.1,7.6,45.7,0.5,3.76,6,87,88,41,84,60,69,96,100,86,76,32,2,69,71
24,MD,34,27,3.26,36.7,11.9,35.8,0.39,2.87,6042718,0,7/8/2020,8.53,21,84342,29.3,9.8,48.48,484,230,133,28,3.1,7.6,45.7,0.5,3.76,11,86,88,39,82,58,69,96,98,82,61,32,2,59,71
24,MD,35,27,3.17,36.9,12,36.3,0.38,2.79,6042718,-2.8,7/9/2020,8.53,21,84342,29.3,9.8,48.48,484,230,133,28,3.1,7.6,45.7,0.5,3.76,6,83,88,49,78,57,69,96,98,80,59,32,2,68,71
24,MD,32,26,3.26,36.9,12.4,38.3,0.37,2.89,6042718,0.6,7/10/2020,8.53,21,84342,29.3,9.8,48.48,484,230,133,28,3.1,7.6,45.7,0.5,3.78,10,77,86,37,76,62,69,96,98,78,57,32,2,69,75
24,MD,36,28,3.22,36.4,12.8,39.6,0.23,2.99,6042718,4.1,7/11/2020,8.53,21,84342,29.3,9.8,48.48,484,230,133,28,3.1,7.6,45.7,0.5,3.77,15,74,86,39,76,58,69,96,98,73,57,32,2,57,75
24,MD,45,31,2.81,37.2,13.5,38.7,0.19,2.62,6042718,-8.8,7/12/2020,8.53,21,84342,29.3,9.8,48.48,484,230,133,28,2.7,7.6,45.2,0.5,3.76,12,76,86,41,76,56,69,94,98,73,57,33,2,60,75
24,MD,36,28,3.18,36.1,11.8,36.2,0.39,2.79,6042718,-2.8,7/13/2020,8.53,21,84342,29.3,9.8,48.48,484,230,133,28,2.7,7.6,45.2,0.5,3.76,9,88,89,47,76,57,69,94,98,69,57,33,2,74,75
24,MD,37,28,3.22,35.8,11.3,33.8,0.39,2.83,6042718,-1.4,7/14/2020,8.53,21,84342,29.3,9.8,48.48,484,230,133,28,2.7,7.6,45.2,0.5,3.75,9,86,88,51,80,55,67,94,98,73,57,33,2,72,75
24,MD,35,27,3.24,36.1,11.7,34.4,0.39,2.85,6042718,-0.7,7/15/2020,8.53,21,84342,29.3,9.8,48.48,484,230,133,28,2.7,7.6,45.2,0.5,3.74,7,84,86,47,78,54,67,91,98,75,57,33,2,73,76
24,MD,31,27,3.43,35.7,11.6,37.7,0.38,3.05,6042718,6.2,7/16/2020,8.53,21,84342,29.3,9.8,48.48,484,230,133,28,2.7,7.6,45.2,0.5,3.75,8,85,86,53,78,55,67,87,100,75,57,33,2,75,76
24,MD,36,27,3.09,37.6,12.9,37.5,0.37,2.72,6042718,-5.3,7/17/2020,8.53,21,84342,29.3,9.8,48.48,484,230,133,28,2.7,7.6,45.2,0.5,3.75,17,78,86,45,75,55,67,84,100,73,57,33,2,55,76
24,MD,40,29,2.92,38.7,14,40,0.23,2.7,6042718,-6,7/18/2020,8.53,21,84342,29.3,9.8,48.48,484,230,133,28,2.7,7.6,45.2,0.5,3.74,21,72,86,51,73,59,67,84,100,75,57,33,2,53,76
24,MD,46,32,2.81,36.7,13.3,36.9,0.19,2.62,6042718,-8.8,7/19/2020,8.53,21,84342,29.3,9.8,48.48,484,230,133,28,2,7.5,45.3,0.5,3.71,11,78,86,61,73,58,67,84,100,73,53,37,2,75,76
24,MD,41,30,3.06,36.1,11.7,33.4,0.39,2.68,6042718,-6.7,7/20/2020,8.53,21,84342,29.3,9.8,48.48,484,230,133,28,2,7.5,45.3,0.5,3.71,8,88,90,61,76,59,67,84,100,73,53,37,2,80,76
24,MD,37,29,3.28,35.4,11.3,33.6,0.39,2.89,6042718,0.6,7/21/2020,8.53,21,84342,29.3,9.8,48.48,484,230,133,28,2,7.5,45.3,0.5,3.71,7,86,88,61,78,58,65,84,98,71,55,37,2,80,76
24,MD,38,29,3.24,35.2,11.4,34.4,0.39,2.85,6042718,-0.7,7/22/2020,8.53,21,84342,29.3,9.8,48.48,484,230,133,28,2,7.5,45.3,0.5,3.7,4,84,90,47,76,65,65,82,98,70,55,37,2,86,77
24,MD,33,27,3.4,35.1,11.3,35.8,0.38,3.02,6042718,5.2,7/23/2020,8.53,21,84342,29.3,9.8,48.48,484,230,133,28,2,7.5,45.3,0.5,3.7,8,84,86,47,75,68,65,82,98,69,55,37,2,84,77
24,MD,29,26,3.62,34.8,11.7,39.2,0.37,3.24,6042718,12.8,7/24/2020,8.53,21,84342,29.3,9.8,48.48,484,230,133,28,2,7.5,45.3,0.5,3.7,9,80,86,43,75,65,65,82,98,71,55,37,2,80,78
24,MD,33,28,3.46,35.5,12.5,40.9,0.23,3.24,6042718,12.8,7/25/2020,8.53,21,84342,29.3,9.8,48.48,484,230,133,28,2,7.5,45.3,0.5,3.67,18,75,86,57,75,67,65,82,98,75,51,37,2,63,76
24,MD,42,32,3.21,34.1,12.1,36.5,0.19,3.02,6042718,5.2,7/26/2020,8.53,21,84342,29.3,9.8,48.48,484,230,133,28,1.6,7.2,45.2,0.5,3.66,12,75,86,63,73,65,65,82,98,75,51,42,2,76,77
24,MD,40,29,3.1,36,11.7,33.4,0.39,2.71,6042718,-5.6,7/27/2020,8.53,21,84342,29.3,9.8,48.48,484,230,133,28,1.6,7.2,45.2,0.5,3.63,6,83,87,73,78,68,65,81,100,71,51,42,2,77,76
24,MD,35,28,3.38,35.1,11.2,33.9,0.39,2.99,6042718,4.1,7/28/2020,8.53,21,84342,29.3,9.8,48.48,484,230,133,28,1.6,7.2,45.2,0.5,3.64,6,84,90,65,80,68,65,80,100,71,51,42,2,80,76
24,MD,35,27,3.27,35.8,11.5,35.2,0.39,2.88,6042718,0.3,7/29/2020,8.53,21,84342,29.3,9.8,48.48,484,230,133,28,1.6,7.2,45.2,0.5,3.65,8,82,86,63,80,66,65,80,100,71,51,42,2,69,76
24,MD,31,27,3.45,34.9,11.4,36.7,0.39,3.06,6042718,6.6,7/30/2020,8.53,21,84342,29.3,9.8,48.48,484,230,133,28,1.6,7.2,45.2,0.5,3.65,8,82,86,55,78,69,65,80,98,67,51,42,2,80,76
24,MD,32,28,3.48,35.2,12,39,0.37,3.1,6042718,8,7/31/2020,8.53,21,84342,29.3,9.8,48.48,484,230,133,28,1.6,7.2,45.2,0.5,3.63,7,80,86,61,76,75,65,80,98,65,51,42,2,86,76
24,MD,35,28,3.36,35.5,12.6,41.5,0.23,3.13,6042718,9,8/1/2020,8.53,21,84342,29.3,9.8,48.48,484,230,133,28,1.6,7.2,45.2,1,3.62,8,75,86,65,73,79,65,80,98,65,51,42,2,79,76
24,MD,42,32,3.19,33.7,12,37.9,0.2,2.99,6042718,4.1,8/2/2020,8.53,21,84342,29.3,9.8,48.48,484,230,133,28,1.3,6.9,44.9,1,3.61,10,72,86,75,73,78,65,80,98,65,53,45,2,78,76
24,MD,40,29,3.19,33.8,11,32.9,0.39,2.8,6042718,-2.5,8/3/2020,8.53,21,84342,29.3,9.8,48.48,484,230,133,28,1.3,6.9,44.9,1,3.59,4,82,86,71,78,82,65,77,98,67,53,45,2,82,75
24,MD,44,31,3.12,32.8,10.5,30,0.39,2.73,6042718,-4.9,8/4/2020,8.53,21,84342,29.3,9.8,48.48,484,230,133,28,1.3,6.9,44.9,1,3.59,8,80,86,67,78,84,65,75,98,69,51,45,2,96,75
24,MD,31,26,3.53,34.3,10.9,35,0.39,3.13,6042718,9,8/5/2020,8.53,21,84342,29.3,9.8,48.48,484,230,133,28,1.3,6.9,44.9,1,3.59,9,82,86,55,80,92,65,75,98,69,51,45,2,78,75
24,MD,33,27,3.44,34.2,11,35.6,0.39,3.05,6042718,6.2,8/6/2020,8.53,21,84342,29.3,9.8,48.48,484,230,133,28,1.3,6.9,44.9,1,3.61,6,80,86,39,78,80,65,76,98,71,51,45,2,82,75
24,MD,28,26,3.67,33.9,11.2,38.8,0.38,3.3,6042718,14.9,8/7/2020,8.53,21,84342,29.3,9.8,48.48,484,230,133,28,1.3,6.9,44.9,1,3.62,9,78,86,39,76,71,65,75,98,71,51,45,2,84,75
24,MD,32,27,3.58,33.6,11.8,41.1,0.23,3.35,6042718,16.7,8/8/2020,8.53,21,84342,29.3,9.8,48.48,484,230,133,28,1.3,6.9,44.9,1,3.62,10,73,86,43,76,67,65,75,98,61,51,45,2,78,75
24,MD,38,30,3.33,33.5,11.8,39.5,0.2,3.13,6042718,9,8/9/2020,8.53,21,84342,29.3,9.8,48.48,484,230,133,28,1.4,7.1,44.6,1,3.61,15,69,86,59,73,65,65,75,98,67,51,40,2,71,75
24,MD,35,27,3.35,33.7,10.8,36.1,0.39,2.95,6042718,2.7,8/10/2020,8.53,21,84342,29.3,9.8,48.48,484,230,133,28,1.4,7.1,44.6,1,3.61,7,80,86,67,80,61,65,75,98,58,49,40,2,78,75
24,MD,33,27,3.42,34.3,10.9,34.8,0.39,3.03,6042718,5.5,8/11/2020,8.53,21,84342,29.3,9.8,48.48,484,230,133,28,1.4,7.1,44.6,1,3.62,10,82,86,67,80,59,65,76,98,67,49,40,2,80,75
24,MD,35,28,3.32,34.3,11.2,37.4,0.4,2.93,6042718,2,8/12/2020,8.53,21,84342,29.3,9.8,48.48,484,230,133,28,1.4,7.1,44.6,1,3.64,6,84,86,51,80,51,65,75,98,63,49,40,2,84,75
24,MD,34,27,3.31,34.5,11.6,43.5,0.39,2.92,6042718,1.7,8/13/2020,8.53,21,84342,29.3,9.8,48.48,484,230,133,28,1.4,7.1,44.6,1,3.64,5,80,86,43,78,45,65,76,98,59,49,40,2,84,75
24,MD,27,25,3.67,34.2,11.7,46.6,0.38,3.29,6042718,14.6,8/14/2020,8.53,21,84342,29.3,9.8,48.48,484,230,133,28,1.4,7.1,44.6,1,3.66,9,78,86,39,78,39,65,75,98,55,49,40,2,84,75
24,MD,32,27,3.55,34.2,12.2,48.7,0.23,3.31,6042718,15.3,8/15/2020,8.53,21,84342,29.3,9.8,48.48,484,230,133,28,1.4,7.1,44.6,1,3.67,8,73,86,49,78,33,65,74,98,57,45,40,2,80,75
24,MD,43,31,3.12,33.3,12.3,44.7,0.2,2.92,6042718,1.7,8/16/2020,8.53,21,84342,29.3,9.8,48.48,484,230,133,28,1.1,7.4,44.4,1,3.5,8,69,86,43,76,31,65,75,98,59,45,39,2,80,75
24,MD,36,28,3.26,34.3,11.5,44.8,0.39,2.86,6042718,-0.4,8/17/2020,8.53,21,84342,29.3,9.8,48.48,484,230,133,28,1.1,7.4,44.4,1,3.35,7,84,88,47,82,31,65,75,98,57,45,39,2,78,75
24,MD,34,26,3.16,35.4,11.8,42.7,0.39,2.77,6042718,-3.5,8/18/2020,8.53,21,84342,29.3,9.8,48.48,484,230,133,28,1.1,7.4,44.4,1,3.25,6,84,88,45,84,31,63,75,98,55,45,39,2,71,75
24,MD,33,27,3.33,34.8,11.6,45.1,0.4,2.94,6042718,2.4,8/19/2020,8.53,21,84342,29.3,9.8,48.48,484,230,133,28,1.1,7.4,44.4,1,3.19,8,86,88,39,84,31,63,75,98,57,43,39,2,82,75
24,MD,30,26,3.46,35.2,12.1,48.4,0.39,3.07,6042718,6.9,8/20/2020,8.53,21,84342,29.3,9.8,48.48,484,230,133,28,1.1,7.4,44.4,1,3.14,6,86,86,35,82,29,63,75,98,57,43,39,2,75,75
24,MD,26,25,3.77,34.6,11.6,49.4,0.38,3.39,6042718,18.1,8/21/2020,8.53,21,84342,29.3,9.8,48.48,484,230,133,28,1.1,7.4,44.4,1,3.08,10,81,88,35,80,25,63,74,98,55,43,39,2,75,75
24,MD,31,27,3.62,34.1,12.1,51,0.23,3.38,6042718,17.7,8/22/2020,8.53,21,84342,29.3,9.8,48.48,484,230,133,28,1.1,7.4,44.4,1,3.04,11,77,86,39,82,24,63,74,98,51,43,39,2,75,75
24,MD,41,32,3.19,33.3,12.3,46.9,0.4,2.79,6042718,-2.8,8/23/2020,8.53,21,84342,29.3,9.8,48.48,484,230,133,28,1.1,7.6,38.9,1,2.98,10,69,86,47,80,24,63,73,98,57,42,38,2,69,75
24,MD,38,28,3.08,34.9,11.3,41.3,0.4,2.69,6042718,-6.3,8/24/2020,8.53,21,84342,29.3,9.8,48.48,484,230,133,28,1.1,7.6,38.9,1,2.91,10,88,88,45,84,20,63,74,98,57,41,38,2,71,75
24,MD,34,27,3.3,35,11.2,40.6,0.4,2.91,6042718,1.3,8/25/2020,8.53,21,84342,29.3,9.8,48.48,484,230,133,28,1.1,7.6,38.9,1,2.87,11,88,88,47,84,16,63,72,98,57,41,38,2,76,75
24,MD,32,27,3.41,34.8,11,36.6,0.4,3.01,6042718,4.8,8/26/2020,8.53,21,84342,29.3,9.8,48.48,484,230,133,28,1.1,7.6,38.9,1,2.83,14,88,88,37,85,16,63,70,98,57,41,38,2,69,75
24,MD,34,27,3.4,34.7,11,33.9,0.39,3,6042718,4.5,8/27/2020,8.53,21,84342,29.3,9.8,48.48,484,230,133,28,1.1,7.6,38.9,1,2.78,11,88,88,35,84,12,63,69,98,59,41,38,2,73,75
24,MD,33,26,3.34,35.8,11.8,36.3,0.38,2.96,6042718,3.1,8/28/2020,8.53,21,84342,29.3,9.8,48.48,484,230,133,28,1.1,7.6,38.9,1,2.74,8,88,88,37,84,12,63,69,98,59,41,38,2,80,75
24,MD,47,31,2.89,35.3,12.1,32.7,0.24,2.65,6042718,-7.7,8/29/2020,8.53,21,84342,29.3,9.8,48.48,484,230,133,28,1.1,7.6,38.9,1,2.71,6,71,86,37,82,12,63,69,98,59,41,38,2,86,73
24,MD,35,30,3.22,35.3,12.2,37,0.4,2.82,6042718,-1.8,8/30/2020,8.53,21,84342,29.3,9.8,48.48,484,230,133,28,1.1,7.8,38.8,1,2.67,43,78,86,37,84,10,63,69,98,59,41,36,2,45,75
24,MD,37,27,3.12,37,11.3,32.9,0.4,2.72,6042718,-5.3,8/31/2020,8.53,21,84342,29.3,9.8,48.48,484,230,133,28,1.1,7.8,38.8,1,2.63,19,90,90,41,82,8,63,68,100,61,43,36,2,54,75
24,MD,37,29,3.21,33.7,10.6,30.5,0.4,2.81,6042718,-2.1,9/1/2020,8.53,21,84342,29.3,9.8,48.48,484,230,133,28,1.1,7.8,38.8,1.5,2.6,20,88,88,41,86,67,63,69,100,61,43,36,2,84,76
24,MD,34,27,3.18,35.8,11.3,32.3,0.4,2.78,6042718,-3.2,9/2/2020,8.53,21,84342,29.3,9.8,48.48,484,230,133,28,1.1,7.8,38.8,1.5,2.57,25,88,88,37,86,31,63,69,100,63,43,36,2,82,75
24,MD,32,28,3.34,34.8,11.2,35.5,0.39,2.94,6042718,2.4,9/3/2020,8.53,21,84342,29.3,9.8,48.48,484,230,133,28,1.1,7.8,38.8,1.5,2.54,18,88,88,35,78,71,63,69,100,61,43,36,2,90,76
24,MD,26,26,3.68,34.1,11.4,39.2,0.38,3.29,6042718,14.6,9/4/2020,8.53,21,84342,29.3,9.8,48.48,484,230,133,28,1.1,7.8,38.8,1.5,2.52,25,80,88,35,75,67,63,69,100,61,43,36,2,82,79
24,MD,30,26,3.6,34,11.6,37.8,0.24,3.36,6042718,17,9/5/2020,8.53,21,84342,29.3,9.8,48.48,484,230,133,28,1.1,7.8,38.8,1.5,2.49,33,76,86,51,82,73,63,69,100,57,43,36,2,73,78
24,MD,32,28,3.34,34.7,12,36.6,0.4,2.94,6042718,2.4,9/6/2020,8.53,21,84342,29.3,9.8,48.48,484,230,133,28,1.2,8,38.4,1.5,2.46,37,76,86,45,82,77,63,68,100,55,43,33,2,59,78
24,MD,36,31,3.15,34.2,11.9,36.4,0.4,2.75,6042718,-4.2,9/7/2020,8.53,21,84342,29.3,9.8,48.48,484,230,133,28,1.2,8,38.4,1.5,2.43,31,73,86,59,76,76,63,67,100,61,43,33,2,72,78
24,MD,38,29,3.01,35,11,31.3,0.4,2.61,6042718,-9.1,9/8/2020,8.53,21,84342,29.3,9.8,48.48,484,230,133,28,1.2,8,38.4,1.5,2.41,30,88,88,53,84,83,61,67,100,57,43,33,2,80,78
24,MD,36,29,3.22,34.3,10.9,30.9,0.4,2.82,6042718,-1.8,9/9/2020,8.53,21,84342,29.3,9.8,48.48,484,230,133,28,1.2,8,38.4,1.5,2.4,24,88,90,49,88,82,61,67,100,53,49,33,2,79,78
24,MD,38,30,3.38,33.3,10.8,34,0.39,3,6042718,4.5,9/10/2020,8.53,21,84342,29.3,9.8,48.48,484,230,133,28,1.2,8,38.4,1.5,2.39,4,88,90,31,88,90,61,67,100,51,48,33,2,88,78
24,MD,30,27,3.52,34.2,11.3,34.6,0.39,3.13,6042718,9,9/11/2020,8.53,21,84342,29.3,9.8,48.48,484,230,133,28,1.2,8,38.4,1.5,2.38,21,87,88,33,84,77,61,67,100,53,47,33,2,82,78
24,MD,32,27,3.56,33.5,11.1,34.9,0.24,3.32,6042718,15.6,9/12/2020,8.53,21,84342,29.3,9.8,48.48,484,230,133,28,1.2,8,38.4,1.5,2.37,30,77,88,45,84,63,61,67,100,49,47,33,2,73,78
24,MD,41,32,3,33.8,11.6,32.2,0.4,2.6,6042718,-9.5,9/13/2020,8.53,21,84342,29.3,9.8,48.48,484,230,133,28,1.7,8.2,38.2,1.5,2.35,36,80,86,45,86,52,61,66,100,51,47,33,2,65,77
24,MD,42,30,3.09,34.5,10.5,30,0.4,2.69,6042718,-6.3,9/14/2020,8.53,21,84342,29.3,9.8,48.48,484,230,133,28,1.7,8.2,38.2,1.5,2.34,9,94,90,45,86,48,61,67,100,53,47,33,2,78,76
24,MD,36,28,3.23,34.3,10.4,30.7,0.4,2.82,6042718,-1.8,9/15/2020,8.53,21,84342,29.3,9.8,48.48,484,230,133,28,1.7,8.2,38.2,1.5,2.35,27,86,90,47,86,32,61,67,100,53,47,33,2,75,76
24,MD,37,27,3.25,34.9,10.7,31.7,0.4,2.84,6042718,-1.1,9/16/2020,8.53,21,84342,29.3,9.8,48.48,484,230,133,28,1.7,8.2,38.2,1.5,2.35,10,89,90,55,86,63,61,66,100,53,45,33,2,73,76
24,MD,44,29,2.76,38.1,12.4,33.1,0.39,2.37,6042718,-17.5,9/17/2020,8.53,21,84342,29.3,9.8,48.48,484,230,133,28,1.7,8.2,38.2,1.5,2.35,4,90,90,49,84,59,61,66,100,51,47,33,2,79,76
24,MD,30,26,3.54,34.5,11.1,35.9,0.39,3.15,6042718,9.7,9/18/2020,8.53,21,84342,29.3,9.8,48.48,484,230,133,28,1.7,8.2,38.2,1.5,2.36,8,86,88,37,80,55,61,66,100,51,48,33,2,80,76
24,MD,30,26,3.67,33.9,11.3,37.3,0.24,3.43,6042718,19.5,9/19/2020,8.53,21,84342,29.3,9.8,48.48,484,230,133,28,1.7,8.2,38.2,1.5,2.36,18,73,88,39,86,55,61,66,100,47,49,33,2,62,75
24,MD,41,31,3.14,34.1,11.6,35.1,0.4,2.74,6042718,-4.6,9/20/2020,8.53,21,84342,29.3,9.8,48.48,484,230,133,28,1.7,8.5,35.4,1.5,2.37,10,80,86,34,82,58,61,66,100,43,50,30,2,69,75
24,MD,38,28,3.24,34.8,10.6,32.7,0.4,2.83,6042718,-1.4,9/21/2020,8.53,21,84342,29.3,9.8,48.48,484,230,133,28,1.7,8.5,35.4,1.5,2.39,7,94,90,35,86,63,61,65,98,39,37,30,2,80,75
24,MD,38,28,2.93,36.7,11.3,29.7,0.4,2.53,6042718,-11.9,9/22/2020,8.53,21,84342,29.3,9.8,48.48,484,230,133,28,1.7,8.5,35.4,1.5,2.41,30,91,90,31,86,31,61,65,98,47,37,30,2,83,75
24,MD,33,27,3.33,34.2,10.2,31.3,0.41,2.93,6042718,2,9/23/2020,8.53,21,84342,29.3,9.8,48.48,484,230,133,28,1.7,8.5,35.4,1.5,2.43,31,88,88,22,84,26,61,65,98,43,35,30,2,75,75
24,MD,32,27,3.34,35.1,10.8,34.3,0.39,2.96,6042718,3.1,9/24/2020,8.53,21,84342,29.3,9.8,48.48,484,230,133,28,1.7,8.5,35.4,1.5,2.46,25,92,90,22,84,23,61,66,98,43,35,30,2,76,76
24,MD,27,25,3.62,34.7,11.2,37.1,0.39,3.23,6042718,12.5,9/25/2020,8.53,21,84342,29.3,9.8,48.48,484,230,133,28,1.7,8.5,35.4,1.5,2.48,23,86,88,22,84,19,61,65,98,41,35,30,2,76,76
24,MD,32,27,3.55,33.9,11.3,36.2,0.25,3.31,6042718,15.3,9/26/2020,8.53,21,84342,29.3,9.8,48.48,484,230,133,28,1.7,8.5,35.4,1.5,2.48,6,71,88,27,84,18,61,64,98,45,35,30,2,80,76
24,MD,39,30,3.19,34.5,11.8,35.6,0.41,2.78,6042718,-3.2,9/27/2020,8.53,21,84342,29.3,9.8,48.48,484,230,133,28,1.7,8.5,35.4,1.5,2.48,6,75,86,33,84,13,61,63,98,49,35,30,2,57,76
24,MD,38,28,3.21,34.5,10.5,32.1,0.4,2.81,6042718,-2.1,9/28/2020,8.53,21,84342,29.3,9.8,48.48,484,230,133,28,1.7,8.5,35.4,1.5,2.48,6,88,88,37,86,11,61,63,98,45,35,30,2,78,76
24,MD,42,29,2.96,36.8,11.4,31.6,0.41,2.56,6042718,-10.8,9/29/2020,8.53,21,84342,29.3,9.8,48.48,484,230,133,28,1.7,8.5,35.4,1.5,2.48,5,92,90,31,79,6,61,63,98,41,35,30,2,92,76
